{"type":"FeatureCollection","features":[{"type":"Feature","geometry":{"type":"Polygon","coordinates":[[[-119.62332651547342,45.867998208663231],[-119.62332772730073,45.870991334027941],[-119.62332798152394,45.871618003916268],[-119.62332927689458,45.874862404897478],[-119.62332942691323,45.875237775449648],[-119.62332981498545,45.876195188409461],[-119.62333089476044,45.878857570126989],[-119.62332952123634,45.882474990320482],[-119.62332814771227,45.886092410734562],[-119.62332887085608,45.889742101238788],[-119.62332961645775,45.893391815160925],[-119.62332996680074,45.897030260404158],[-119.62333017700652,45.89975572867845],[-119.62615058246976,45.896951899344401],[-119.6297317154516,45.893391814535683],[-119.63305956304916,45.889741914284677],[-119.63447356700192,45.888190912561598],[-119.63596515036092,45.886092502654513],[-119.63853629848566,45.882474965931969],[-119.64110698128306,45.878857545736899],[-119.64391543106821,45.875247086818668],[-119.644050170276,45.875073883717285],[-119.64441485753525,45.874869551709288],[-119.6501880289307,45.871634880932461],[-119.65089783634571,45.871237137277923],[-119.65449546509106,45.868014806550491],[-119.65506997454621,45.867500157147518],[-119.65734233222764,45.864395477253673],[-119.65490462883837,45.864395477253673],[-119.65441239069023,45.864395477253673],[-119.65217494423568,45.864395477253673],[-119.65182180032782,45.864395477253673],[-119.64923123242326,45.864395501024546],[-119.64405007505457,45.864395501024546],[-119.63886882426111,45.864391217884524],[-119.63368754921315,45.864386957263974],[-119.62850629841969,45.864382674123242],[-119.62615084747277,45.864380736169302],[-119.62332504493129,45.864378411625353],[-119.62332651547342,45.867998208663231]]]},"properties":{"PLSSID":"OR330050N0250E0","TWNSHPLAB":"T05N R25E","STATEABBR":"OR","PRINMER":"Willamette Meridian"}},{"type":"Feature","geometry":{"type":"Polygon","coordinates":[[[-119.50789604226129,45.901081921856473],[-119.50794036873067,45.901091209514888],[-119.51558957098565,45.902693270777434],[-119.51558959524016,45.902957487226772],[-119.5210016510779,45.903915212634743],[-119.52514100795703,45.904647510832241],[-119.52641405636025,45.904953124178732],[-119.53182720724429,45.906252411719265],[-119.53372284473326,45.906707363386055],[-119.5372406833185,45.907825951286618],[-119.5381884212146,45.90812409019793],[-119.54334995219092,45.910263058681593],[-119.54858573251879,45.912432388314947],[-119.55382039444407,45.914600855677101],[-119.55414868735792,45.914736829054114],[-119.55905475543376,45.916606551539623],[-119.56343264825851,45.918536880272022],[-119.5643594077978,45.918863914347632],[-119.56689977604765,45.91976031189941],[-119.56966419850239,45.920437755672616],[-119.57007707678339,45.920538920584463],[-119.5738939178143,45.921043976234827],[-119.57496926858306,45.921095408978196],[-119.57632380765723,45.921160159149863],[-119.58027426949342,45.920480269517348],[-119.58361415631244,45.920162525061684],[-119.58545796550108,45.91978687627212],[-119.58983685815073,45.918894621227601],[-119.58991754303294,45.918870373692698],[-119.59064135787816,45.918652873455933],[-119.59582479786597,45.917095003517474],[-119.60168179195885,45.915334360983124],[-119.60476894046764,45.91368270682694],[-119.60708597855468,45.91220255511471],[-119.60802037467219,45.911605576982176],[-119.61300565079989,45.907913580391728],[-119.61657359471675,45.905287833144385],[-119.61769462751261,45.904425660418994],[-119.62333019946439,45.90009077155112],[-119.62333017700652,45.89975572867845],[-119.62332996680074,45.897030260404158],[-119.62332961645775,45.893391815160925],[-119.62332887085608,45.889742101238788],[-119.62332814771227,45.886092410734562],[-119.62332952123634,45.882474990320482],[-119.62333089476044,45.878857570126989],[-119.62332981498545,45.876195188409461],[-119.62332942691323,45.875237775449648],[-119.62332927689458,45.874862404897478],[-119.62332798152394,45.871618003916268],[-119.62332772730073,45.870991334027941],[-119.62332651547342,45.867998208663231],[-119.62332504493129,45.864378411625353],[-119.61810514681768,45.864404537717078],[-119.61790959166517,45.86440546916068],[-119.61288501244714,45.864430569338609],[-119.61249388058253,45.864432408453993],[-119.6076747281037,45.86445369026751],[-119.60710198743136,45.864456251265892],[-119.60246374397266,45.864476786790398],[-119.60171009428022,45.86448039558217],[-119.59724277237228,45.864500187320367],[-119.59632446508152,45.864503493345083],[-119.59202182322977,45.864522469359898],[-119.59093848553988,45.864526427830256],[-119.58680085073108,45.864548733004519],[-119.58552680160467,45.864554903410983],[-119.58157985577452,45.864575881786941],[-119.58011684063817,45.86458349595457],[-119.57636461093409,45.864596837009714],[-119.57472781221443,45.864600492084151],[-119.57114932027957,45.864612949862291],[-119.5693382241403,45.86461730367207],[-119.56593407633743,45.864635884302302],[-119.56393862434228,45.864644172175936],[-119.56071880903913,45.864660773566875],[-119.55853702219954,45.864670879275714],[-119.55549336652356,45.864688947565369],[-119.55313793533959,45.86470203274672],[-119.55026797072043,45.864718749846439],[-119.54773887003918,45.864733022932732],[-119.54504257491728,45.864751789311384],[-119.5424122403917,45.86477008965219],[-119.53981717911411,45.864787925206713],[-119.53708563230383,45.864806854208595],[-119.53462817496144,45.86481522525424],[-119.53163159729456,45.864825598042685],[-119.52943919416496,45.864832908786852],[-119.52617760899768,45.864844434451129],[-119.52424725521625,45.8648507674664],[-119.52165119411374,45.864859801582753],[-119.52072338713884,45.864863386578882],[-119.51905510875672,45.864868788781742],[-119.51526960814945,45.86483291066348],[-119.51373769762068,45.864838475510965],[-119.51002761058152,45.864852584673827],[-119.50841928665979,45.864858452282952],[-119.50478556809783,45.864872259302722],[-119.50310087480054,45.864878942619661],[-119.50114765081027,45.864886972732812],[-119.49952722568334,45.864893634153944],[-119.49778239287268,45.864900526400113],[-119.49426832541502,45.864904530508248],[-119.49430711916058,45.868207448642458],[-119.49430949520449,45.868409792896287],[-119.494310912746,45.868530497655613],[-119.49431923653546,45.869239224061857],[-119.49435349378881,45.872156482222081],[-119.49438529325155,45.874864481331919],[-119.49439607213664,45.875782450386019],[-119.49443866485751,45.879408435250539],[-119.49447354284673,45.883030981762793],[-119.49450844598879,45.886653547204979],[-119.49454304550027,45.89027546125083],[-119.49457764501176,45.893897394216012],[-119.49458971926751,45.897517106042251],[-119.49459273760685,45.898422018075919],[-119.49459576043778,45.899326937868196],[-119.49459878596365,45.900231881046629],[-119.49460181148952,45.901136803224688],[-119.4959143543242,45.901129826703091],[-119.49722691332856,45.901122852681212],[-119.49853944987503,45.901115879283552],[-119.49985198552315,45.901108953395457],[-119.50114724567008,45.901101981246356],[-119.50116452296794,45.901101853093294],[-119.5024770595144,45.901094848436195],[-119.50378959516256,45.901087855030674],[-119.50510213170902,45.901080872876697],[-119.5064130539829,45.90107379757648],[-119.50772397805343,45.901066729776943],[-119.50782103293506,45.901066209662879],[-119.50789604226129,45.901081921856473]]]},"properties":{"PLSSID":"OR330050N0260E0","TWNSHPLAB":"T05N R26E","STATEABBR":"OR","PRINMER":"Willamette Meridian"}},{"type":"Feature","geometry":{"type":"Polygon","coordinates":[[[-119.36964320001121,45.915287909590781],[-119.36964321348594,45.917271519727969],[-119.37485888233121,45.916906975007116],[-119.37614288838422,45.916817228363151],[-119.38008233238345,45.916541874799229],[-119.38511313692638,45.916190245849855],[-119.38530533687131,45.91615671887142],[-119.38893890092301,45.915522698559698],[-119.39052303321417,45.91483189453561],[-119.3957525657592,45.9143998508628],[-119.40098209830421,45.913967805076432],[-119.40614329510727,45.913541399646242],[-119.41130451975812,45.91311499406487],[-119.41651802456184,45.912840532762132],[-119.42168536045155,45.912568517006818],[-119.42173152936557,45.912574293951529],[-119.42694175981011,45.913227862956674],[-119.43215201630578,45.913881404265439],[-119.43733124499151,45.914078831636679],[-119.44119303861758,45.914226062969121],[-119.44251030209908,45.913884371106107],[-119.44768938615604,45.912540880415001],[-119.4528687199447,45.911197307823812],[-119.45807933666478,45.911670625111064],[-119.45983063734549,45.91182971000989],[-119.46080159399673,45.911917910307906],[-119.463305593054,45.911566859577654],[-119.46852484527891,45.910835121429258],[-119.46941142946372,45.910710817151312],[-119.47371150662532,45.908326546618412],[-119.47891600312339,45.906184695027051],[-119.48381973827443,45.904166536163459],[-119.48413783351317,45.90403562210804],[-119.48937013736085,45.901882131356061],[-119.48968978578674,45.901750576782327],[-119.49460181148952,45.901136803224688],[-119.49459878596365,45.900231881046629],[-119.49459576043778,45.899326937868196],[-119.49459273760685,45.898422018075919],[-119.49458971926751,45.897517106042251],[-119.49457764501176,45.893897394216012],[-119.49454304550027,45.89027546125083],[-119.49450844598879,45.886653547204979],[-119.49447354284673,45.883030981762793],[-119.49443866485751,45.879408435250539],[-119.49439607213664,45.875782450386019],[-119.49438529325155,45.874864481331919],[-119.49435349378881,45.872156482222081],[-119.49431923653546,45.869239224061857],[-119.494310912746,45.868530497655613],[-119.49430949520449,45.868409792896287],[-119.49430711916058,45.868207448642458],[-119.49426832541502,45.864904530508248],[-119.49172900549911,45.864905553898431],[-119.48909543075034,45.864906602310349],[-119.48654190667315,45.864907583163514],[-119.48392256303514,45.864908631575396],[-119.48135476562639,45.864909654965544],[-119.47874992618692,45.864910704002945],[-119.47616762368131,45.864911727393007],[-119.47357703511551,45.864912749531982],[-119.47102141706539,45.864913774798623],[-119.46840442162349,45.864914821959324],[-119.4658754835373,45.86491582845963],[-119.4632317847753,45.86491687749691],[-119.46072927602309,45.864917875865139],[-119.45805891706007,45.864918925527888],[-119.45558280979409,45.864919924521637],[-119.45288602509034,45.864920995452884],[-119.45036267362691,45.864917992216284],[-119.44768591416748,45.864914782550045],[-119.44514261022329,45.864911752414777],[-119.44248580234631,45.864908569021004],[-119.43989921757175,45.864905466322256],[-119.43726236127723,45.864902305447721],[-119.43467915506642,45.864899227770401],[-119.43206223328639,45.864896106930324],[-119.42944535193053,45.864892150988517],[-119.42686084226426,45.864888261354118],[-119.42566849131967,45.864886450403311],[-119.42421157304915,45.864884237852927],[-119.42165945034381,45.864880415151248],[-119.41897775194694,45.864876343482543],[-119.41645803596549,45.864872527661284],[-119.41374397396388,45.864868448485531],[-119.41125664494334,45.864864680830642],[-119.40852130364931,45.864860396475649],[-119.40605781322145,45.864856505587966],[-119.40329867465721,45.86485215555016],[-119.4008590057541,45.864848314705448],[-119.39807600344434,45.864845868199787],[-119.39565782942933,45.864843700687032],[-119.39285333133313,45.864841212895271],[-119.39045666747762,45.864839069778576],[-119.38766041501738,45.864836581361054],[-119.38538964196408,45.864834579617344],[-119.38246748073533,45.864831992989082],[-119.38032338810342,45.864830063182886],[-119.37727512317173,45.864824589664146],[-119.37614359984995,45.864822550387274],[-119.37498855863403,45.864820468573292],[-119.37208304408584,45.864816555788742],[-119.36965410645706,45.864813204117866],[-119.36963981605756,45.868418305388914],[-119.36962553913274,45.872023388641487],[-119.36961428503885,45.87486403102082],[-119.36961125591971,45.875628466968372],[-119.3695969727067,45.879233547205118],[-119.36959436759236,45.882838926344306],[-119.36959176247805,45.886444312892593],[-119.36958918161822,45.890049708054377],[-119.36958659177527,45.893655103030191],[-119.3696029851309,45.897261581212327],[-119.36961939735112,45.900868059603724],[-119.3696357996899,45.904474553787097],[-119.3696522092152,45.908081031836637],[-119.36964771045226,45.911684468626049],[-119.36964320001121,45.915287909590781]]]},"properties":{"PLSSID":"OR330050N0270E0","TWNSHPLAB":"T05N R27E","STATEABBR":"OR","PRINMER":"Willamette Meridian"}},{"type":"Feature","geometry":{"type":"MultiPolygon","coordinates":[[[[-119.26997618553841,45.933772696869852],[-119.27078105896499,45.933771066848188],[-119.27606487131274,45.933760425160912],[-119.28007940818149,45.933752183209258],[-119.28135089621105,45.933571203587043],[-119.28663831798961,45.932818462495248],[-119.29184818461646,45.93292772882306],[-119.29705809615906,45.933036763143271],[-119.2995996295238,45.933089894156502],[-119.30226896440743,45.932999439575681],[-119.30747985421537,45.932822744108925],[-119.31265523811172,45.932671752830956],[-119.31265857894626,45.932670274598735],[-119.31266191978081,45.932668795741719],[-119.31333126977034,45.932374612371333],[-119.31784372932636,45.930391361617616],[-119.32138762174976,45.928833561352093],[-119.32302507264627,45.928088713204787],[-119.32820550866779,45.925732070735855],[-119.3318758416624,45.924659401868269],[-119.33449484663558,45.923893987862279],[-119.33713151248723,45.923358731801116],[-119.3409344493942,45.922586717208851],[-119.34104227866932,45.92256482714162],[-119.34379126447422,45.922223171001946],[-119.34626888540147,45.921915205626284],[-119.34900690367506,45.920979365908039],[-119.35353144467332,45.919703077344217],[-119.35417334663936,45.919522008760076],[-119.35585416370625,45.919047827281979],[-119.35620633024708,45.918948476339509],[-119.35933923085156,45.91876772963559],[-119.36091682161084,45.918676668630177],[-119.36449801388147,45.918100087113089],[-119.36964321348594,45.917271519727969],[-119.36964320001121,45.915287909590781],[-119.36964771045226,45.911684468626049],[-119.3696522092152,45.908081031836637],[-119.3696357996899,45.904474553787097],[-119.36961939735112,45.900868059603724],[-119.3696029851309,45.897261581212327],[-119.36958659177527,45.893655103030191],[-119.36958918161822,45.890049708054377],[-119.36959176247805,45.886444312892593],[-119.36959436759236,45.882838926344306],[-119.3695969727067,45.879233547205118],[-119.36961125591971,45.875628466968372],[-119.36961428503885,45.87486403102082],[-119.36962553913274,45.872023388641487],[-119.36963981605756,45.868418305388914],[-119.36965410645706,45.864813204117866],[-119.36791493213443,45.864811435701668],[-119.36445395061845,45.86480791951211],[-119.36276921150707,45.864806196760561],[-119.35925381723776,45.864802587989985],[-119.35762369928888,45.864800958444519],[-119.35405368385702,45.864797304008768],[-119.35247797866154,45.864795696982782],[-119.34885357293415,45.864788130385641],[-119.34728201256543,45.864784987645237],[-119.34365397494935,45.864777746955887],[-119.34208628003125,45.864774626734544],[-119.33845412094466,45.864767363524201],[-119.33689031303683,45.864764639272749],[-119.3332542435838,45.864758259957284],[-119.33169457960435,45.864755536330897],[-119.32805438957911,45.86474782960601],[-119.32649630932951,45.864743964357807],[-119.32286463982476,45.864735000909363],[-119.32129799234229,45.864731136285776],[-119.31890415638327,45.864725721558649],[-119.31767745565884,45.864722946635894],[-119.31767491342657,45.864722941631484],[-119.31609972027083,45.864719378520405],[-119.31248516367222,45.864711207009613],[-119.31090140328361,45.864707621378052],[-119.30729543817237,45.864696981459211],[-119.30568555387697,45.864691114458601],[-119.30468917759812,45.864687528825797],[-119.30208294038009,45.864677982984276],[-119.30046968021584,45.864672115981605],[-119.29947684329922,45.864666435391356],[-119.29687076957454,45.864651394741784],[-119.29525129217024,45.864646551756863],[-119.29426450989861,45.864643617941219],[-119.29165825022268,45.864635772329386],[-119.2900330918725,45.864630906197831],[-119.287427856276,45.864613397754219],[-119.28644614768911,45.864606785717761],[-119.28482252725469,45.864599963496474],[-119.28221733837059,45.864589043937222],[-119.28123497940342,45.86458492345453],[-119.27961214858814,45.864578124375846],[-119.27700684382134,45.86456720481231],[-119.27602406534098,45.864563083702429],[-119.27440151480006,45.864556448514683],[-119.27179634837383,45.864545762276357],[-119.27081289525866,45.864541734371556],[-119.26919111277732,45.864535098555713],[-119.26560200455239,45.864520360636114],[-119.26398071075455,45.864515657762631],[-119.26038974032205,45.864505204220563],[-119.25877026291774,45.864500477574978],[-119.25517752370244,45.864490024030061],[-119.25355960667179,45.864485321154014],[-119.25113954260142,45.864478282477918],[-119.24996523611593,45.864474867606205],[-119.24834911122424,45.864470187248649],[-119.2447516450739,45.864460712056896],[-119.24479127245606,45.868035034261112],[-119.24479385870575,45.871635877303596],[-119.24479667492417,45.87486363762406],[-119.24479700191092,45.87523893124029],[-119.24480012265823,45.878841939824838],[-119.24480401146511,45.882444691028979],[-119.24480787781407,45.886047443109639],[-119.24481178997713,45.88965019477159],[-119.24481565542781,45.893252924087541],[-119.24482308359688,45.89690040233706],[-119.24483044259571,45.900547857315573],[-119.24483786986647,45.90419531273524],[-119.24484525222148,45.907842767924748],[-119.24485267949227,45.911490200337106],[-119.24486006094894,45.915137655553941],[-119.24486746576181,45.918785086654196],[-119.24487487057473,45.922432541713349],[-119.24487487147302,45.926052267096082],[-119.24487491818542,45.927862105890718],[-119.24487487237134,45.929671992479825],[-119.24487489572752,45.930289156246722],[-119.25002855656368,45.931395124703634],[-119.25113868830357,45.931633307492334],[-119.25495571977731,45.93245226865556],[-119.25518252013205,45.932459626106947],[-119.26034120973716,45.932627217163656],[-119.26549989934226,45.932794598412713],[-119.26997618553841,45.933772696869852]]],[[[-119.32096610526902,45.93130247494755],[-119.32302446808009,45.930693016286021],[-119.3244526510413,45.930270126466723],[-119.32820550956609,45.92858620157601],[-119.33154108806502,45.926425626499011],[-119.33339237123681,45.925570554990024],[-119.33577928118501,45.924467984682437],[-119.33545038370497,45.923975943940839],[-119.334543019691,45.924193990074272],[-119.33401507710357,45.924387844591109],[-119.33339227781202,45.924500301883512],[-119.33253355128248,45.92465529771281],[-119.33209347830289,45.92481006003262],[-119.33188684871955,45.924980434244411],[-119.33185887877487,45.925003496234893],[-119.33201056739544,45.925213601917832],[-119.33100711329045,45.925664036011746],[-119.32847228674761,45.926307953714122],[-119.32820550956609,45.926419805382118],[-119.32764683201955,45.926537175502212],[-119.32680966595514,45.926825372558682],[-119.32534921191566,45.927665822274392],[-119.32401262477411,45.928061867258322],[-119.32386955009881,45.927908757950838],[-119.32302502683221,45.928308132170628],[-119.322622345328,45.928498588241531],[-119.32143884458557,45.928889697420423],[-119.31704814717476,45.930815999333511],[-119.31710337470011,45.930877279884527],[-119.3175857295835,45.930989480974077],[-119.31785932946957,45.930885824042477],[-119.31886459817142,45.930805963762133],[-119.32025054683956,45.930569430653982],[-119.32096610526902,45.93130247494755]]]]},"properties":{"PLSSID":"OR330050N0280E0","TWNSHPLAB":"T05N R28E","STATEABBR":"OR","PRINMER":"Willamette Meridian"}},{"type":"Feature","geometry":{"type":"Polygon","coordinates":[[[-119.79587446608944,45.846803080755301],[-119.79598042776711,45.846803942409991],[-119.80056181415654,45.845023230345028],[-119.8011005841381,45.844962065262813],[-119.8057989437539,45.844428742745393],[-119.8064734545648,45.844434959188874],[-119.81184637170389,45.844484225761747],[-119.81703111514716,45.844544179246661],[-119.81971812079075,45.844575168152488],[-119.82221585769214,45.84318214280708],[-119.82570117007756,45.841238169408385],[-119.82739997231475,45.840992876229905],[-119.82824093376122,45.840871437057139],[-119.83258450645057,45.840607942241114],[-119.83773437190462,45.840587919207479],[-119.83774079845216,45.840587894800606],[-119.83774722410139,45.840587872271207],[-119.84288421400248,45.839495266451372],[-119.84419523688769,45.839216358986164],[-119.8481144750812,45.838056186833363],[-119.85089275045596,45.837233665550599],[-119.85334469124419,45.836176240845951],[-119.85489827632409,45.835814306232244],[-119.85825115457875,45.834120090406785],[-119.85840149303144,45.834065537769106],[-119.86282636954219,45.832459401784682],[-119.86345638679703,45.832373440611676],[-119.86860147860368,45.83167136222864],[-119.86984675109829,45.831501372033983],[-119.87480858119709,45.830578082459432],[-119.87480855784086,45.828406214126872],[-119.87480852011166,45.825564653409913],[-119.87480851292513,45.824999623093682],[-119.87480851023018,45.824786396320626],[-119.87480848687397,45.821166601053285],[-119.87398813098348,45.817609111712613],[-119.87316782090707,45.814051598565257],[-119.87307997555374,45.810203064233022],[-119.87299212481051,45.806354567043748],[-119.8734081696529,45.802781221839183],[-119.87382419113905,45.799207899820203],[-119.87424023508311,45.795634554060427],[-119.87465623231478,45.792061209026727],[-119.87466310083347,45.788464184827752],[-119.87466999180998,45.784867160274956],[-119.87467685943034,45.781270136038906],[-119.87468375040689,45.77767308898234],[-119.86846922054272,45.777642518940759],[-119.86328829404108,45.777616908459329],[-119.85810038493474,45.777608852592458],[-119.85291245157387,45.777600797350971],[-119.84772025750362,45.777593952556288],[-119.84252806253504,45.777587108387308],[-119.83733589182098,45.777580262964463],[-119.83214369775075,45.777573395612322],[-119.82694812870997,45.777566550814278],[-119.82175255877087,45.777559682207418],[-119.81655698793348,45.777552814852733],[-119.81136141799442,45.777545946244182],[-119.80616223862451,45.777539241784694],[-119.80096308261081,45.777532536697912],[-119.79576392659709,45.777525807802284],[-119.79056477238004,45.777519079532382],[-119.78537120388742,45.777508392865293],[-119.78017763629309,45.777497683641215],[-119.77495966776068,45.77748057130804],[-119.76974169922831,45.777463458969656],[-119.76457364917798,45.777456963133872],[-119.7594056000259,45.777450467923906],[-119.75423883097316,45.777470282478383],[-119.75115256640662,45.777482104419924],[-119.74907208527657,45.777490073844362],[-119.74908524110393,45.781120276345362],[-119.74909839603292,45.784750478040799],[-119.74911152940238,45.788380681391061],[-119.74912468522972,45.792010860669663],[-119.74913672265454,45.795646137905578],[-119.74914876007936,45.799281415998209],[-119.74915728329476,45.802915414238392],[-119.74916580561187,45.806549435954096],[-119.74917487500298,45.810180009666297],[-119.74918395517386,45.813810585292387],[-119.74919301378517,45.817441137743458],[-119.74920208407461,45.82107171142723],[-119.74919942955296,45.824704546109047],[-119.74919677682792,45.828337355937386],[-119.74924867519684,45.831964298584154],[-119.74924871202775,45.831966840423675],[-119.7492699517943,45.833451144695871],[-119.74928464194417,45.834477774379067],[-119.74929157963311,45.834962652734802],[-119.74930057446403,45.835591218935832],[-119.74930062207476,45.839210966807727],[-119.74930064543094,45.842830738290843],[-119.74930066878716,45.844640624579569],[-119.75115318085429,45.844622847016844],[-119.75452678683578,45.844590472051109],[-119.75713181222653,45.84456539545706],[-119.7597529273423,45.844441761982274],[-119.76076583352069,45.844393985967592],[-119.76497902113644,45.844345323813862],[-119.77020513918509,45.844284739958141],[-119.77531588929673,45.845899956048655],[-119.77717483330127,45.846487410751237],[-119.77975487654395,45.84648417436523],[-119.78042659269596,45.846566270381821],[-119.78229464022763,45.846794444183693],[-119.7855374829448,45.846781428626208],[-119.79033980548679,45.846761979122512],[-119.79064837229532,45.846760728877506],[-119.79587446608944,45.846803080755301]]]},"properties":{"PLSSID":"OR330040N0240E0","TWNSHPLAB":"T04N R24E","STATEABBR":"OR","PRINMER":"Willamette Meridian"}},{"type":"Feature","geometry":{"type":"Polygon","coordinates":[[[-119.62332360223694,45.857270652797155],[-119.62332427777002,45.860933102354302],[-119.62332504493129,45.864378411625353],[-119.62615084747277,45.864380736169302],[-119.62850629841969,45.864382674123242],[-119.63368754921315,45.864386957263974],[-119.63886882426111,45.864391217884524],[-119.64405007505457,45.864395501024546],[-119.64923123242326,45.864395501024546],[-119.65182180032782,45.864395477253673],[-119.65217494423568,45.864395477253673],[-119.65441239069023,45.864395477253673],[-119.65490462883837,45.864395477253673],[-119.65789150919176,45.861833617652863],[-119.65857601465846,45.861355723529769],[-119.6594384126026,45.860753632519021],[-119.65961431620994,45.860630814513492],[-119.66003305060829,45.860338483259341],[-119.66003513469974,45.860337028124192],[-119.66260220896464,45.858275615748155],[-119.66412951383094,45.85724593852877],[-119.664283152694,45.857142358453608],[-119.66498575382377,45.856668642677178],[-119.66498786127144,45.856667221855986],[-119.67013181311597,45.856370641061346],[-119.67524130558624,45.856318532720003],[-119.67527508942743,45.856324819783417],[-119.67527776011876,45.85632531466517],[-119.67536737066162,45.856341929801722],[-119.67773690090401,45.856781283463562],[-119.68032015023394,45.85677472492592],[-119.68041843580747,45.856691037967508],[-119.6836060734572,45.853975720325323],[-119.68556234004134,45.853402933539783],[-119.68920492856834,45.850839047599059],[-119.69074212298761,45.850657090545454],[-119.69812329850454,45.849783159798463],[-119.70074421419433,45.848599742585243],[-119.70217613504542,45.847953180155784],[-119.70555392627786,45.846875501002415],[-119.71076677261648,45.846878503336306],[-119.71597961895512,45.846881273517923],[-119.71935380884156,45.846882937378929],[-119.72117185973775,45.846883834074241],[-119.72118206819265,45.846883031240964],[-119.72119227844416,45.846882227156208],[-119.72640461274308,45.846469301504591],[-119.73150169498767,45.846543434240246],[-119.73659882394466,45.846617311571123],[-119.7397702110709,45.846663178392326],[-119.74191935492966,45.846207156045431],[-119.74930066878716,45.844640624579569],[-119.74930064543094,45.842830738290843],[-119.74930062207476,45.839210966807727],[-119.74930057446403,45.835591218935832],[-119.74929157963311,45.834962652734802],[-119.74928464194417,45.834477774379067],[-119.7492699517943,45.833451144695871],[-119.74924871202775,45.831966840423675],[-119.74924867519684,45.831964298584154],[-119.74919677682792,45.828337355937386],[-119.74919942955296,45.824704546109047],[-119.74920208407461,45.82107171142723],[-119.74919301378517,45.817441137743458],[-119.74918395517386,45.813810585292387],[-119.74917487500298,45.810180009666297],[-119.74916580561187,45.806549435954096],[-119.74915728329476,45.802915414238392],[-119.74914876007936,45.799281415998209],[-119.74913672265454,45.795646137905578],[-119.74912468522972,45.792010860669663],[-119.74911152940238,45.788380681391061],[-119.74909839603292,45.784750478040799],[-119.74908524110393,45.781120276345362],[-119.74907208527657,45.777490073844362],[-119.74202283366388,45.777474590479649],[-119.73682242090709,45.777463089945066],[-119.7316209373585,45.777451751678676],[-119.72641947626778,45.777440390228477],[-119.7212574557096,45.777449819467947],[-119.71609543694807,45.777459273140401],[-119.71093344154269,45.777468680448173],[-119.70577144523908,45.77747811030941],[-119.70062747093664,45.777463884381724],[-119.69548347237968,45.777449659076908],[-119.69033952053515,45.777435433768503],[-119.68519554623271,45.777421208456431],[-119.67991708784403,45.777481488543799],[-119.67463865281158,45.777541769192489],[-119.66936019532122,45.777602049776007],[-119.66408173783088,45.777662330294369],[-119.65894737819693,45.777632621719384],[-119.6538130437158,45.777602912501997],[-119.64867982494228,45.777427964931903],[-119.64354660706707,45.777253039367999],[-119.63841576433747,45.777301515202623],[-119.63328494406575,45.777349991621641],[-119.62815410043784,45.777398466745453],[-119.62687138975544,45.777410591941724],[-119.6261496437303,45.777417415456974],[-119.62558867817471,45.777422647590775],[-119.6243059674923,45.777434805361274],[-119.62302325770821,45.777446965635185],[-119.62302262888751,45.778350209884948],[-119.62302200006683,45.779253452660143],[-119.62302137214444,45.780156672659196],[-119.62302074332372,45.781059915616055],[-119.62302011450303,45.781963158975763],[-119.62301948658066,45.782866402111097],[-119.62301885865828,45.783769621842545],[-119.62301822983758,45.784672865780387],[-119.62301759922025,45.785576085060782],[-119.62301696950121,45.786479329171875],[-119.62301634157886,45.787382549251319],[-119.62301571545311,45.788285792280035],[-119.62301507764923,45.78918901252927],[-119.62301444254034,45.790092255725625],[-119.62301381102469,45.790995475515501],[-119.62301317861073,45.791898718250373],[-119.62301314177981,45.792803055621725],[-119.62301310494888,45.793707370802849],[-119.6230130708129,45.7946117076375],[-119.62301304027019,45.795516021654976],[-119.6230129953544,45.796420336655558],[-119.62301295403192,45.79732467393287],[-119.62301291540433,45.798228987765604],[-119.62301287767509,45.799133303205636],[-119.62302120236284,45.800041295852019],[-119.62302952615227,45.800949288105819],[-119.62303784994167,45.80185728121873],[-119.62304617373113,45.802765274563832],[-119.62305450380875,45.803673267514164],[-119.62306283029309,45.804581260695272],[-119.62307116216739,45.805489253480168],[-119.62307949224501,45.806397246494363],[-119.62311264816381,45.810029311623552],[-119.62314582654052,45.81366135405537],[-119.62317896000148,45.817293395035456],[-119.62321211502197,45.820925437648853],[-119.62324548114657,45.824556664922298],[-119.62327884547453,45.828187890714268],[-119.62331218824293,45.831819118109003],[-119.62334555346922,45.835450322651674],[-119.62335779660825,45.836791663415518],[-119.62336076643855,45.837117085461045],[-119.62336586617444,45.83767572550812],[-119.62337866357397,45.839077893861031],[-119.62341177188206,45.842705441981479],[-119.62336942080802,45.8463252370438],[-119.62332704637771,45.849945008691186],[-119.62332532430734,45.85360783061018],[-119.62332360223694,45.857270652797155]]]},"properties":{"PLSSID":"OR330040N0250E0","TWNSHPLAB":"T04N R25E","STATEABBR":"OR","PRINMER":"Willamette Meridian"}},{"type":"Feature","geometry":{"type":"Polygon","coordinates":[[[-119.49778239287268,45.864900526400113],[-119.49952722568334,45.864893634153944],[-119.50114765081027,45.864886972732812],[-119.50310087480054,45.864878942619661],[-119.50478556809783,45.864872259302722],[-119.50841928665979,45.864858452282952],[-119.51002761058152,45.864852584673827],[-119.51373769762068,45.864838475510965],[-119.51526960814945,45.86483291066348],[-119.51905510875672,45.864868788781742],[-119.52072338713884,45.864863386578882],[-119.52165119411374,45.864859801582753],[-119.52424725521625,45.8648507674664],[-119.52617760899768,45.864844434451129],[-119.52943919416496,45.864832908786852],[-119.53163159729456,45.864825598042685],[-119.53462817496144,45.86481522525424],[-119.53708563230383,45.864806854208595],[-119.53981717911411,45.864787925206713],[-119.5424122403917,45.86477008965219],[-119.54504257491728,45.864751789311384],[-119.54773887003918,45.864733022932732],[-119.55026797072043,45.864718749846439],[-119.55313793533959,45.86470203274672],[-119.55549336652356,45.864688947565369],[-119.55853702219954,45.864670879275714],[-119.56071880903913,45.864660773566875],[-119.56393862434228,45.864644172175936],[-119.56593407633743,45.864635884302302],[-119.5693382241403,45.86461730367207],[-119.57114932027957,45.864612949862291],[-119.57472781221443,45.864600492084151],[-119.57636461093409,45.864596837009714],[-119.58011684063817,45.86458349595457],[-119.58157985577452,45.864575881786941],[-119.58552680160467,45.864554903410983],[-119.58680085073108,45.864548733004519],[-119.59093848553988,45.864526427830256],[-119.59202182322977,45.864522469359898],[-119.59632446508152,45.864503493345083],[-119.59724277237228,45.864500187320367],[-119.60171009428022,45.86448039558217],[-119.60246374397266,45.864476786790398],[-119.60710198743136,45.864456251265892],[-119.6076747281037,45.86445369026751],[-119.61249388058253,45.864432408453993],[-119.61288501244714,45.864430569338609],[-119.61790959166517,45.86440546916068],[-119.61810514681768,45.864404537717078],[-119.62332504493129,45.864378411625353],[-119.62332427777002,45.860933102354302],[-119.62332360223694,45.857270652797155],[-119.62332532430734,45.85360783061018],[-119.62332704637771,45.849945008691186],[-119.62336942080802,45.8463252370438],[-119.62341177188206,45.842705441981479],[-119.62337866357397,45.839077893861031],[-119.62336586617444,45.83767572550812],[-119.62336076643855,45.837117085461045],[-119.62335779660825,45.836791663415518],[-119.62334555346922,45.835450322651674],[-119.62331218824293,45.831819118109003],[-119.62327884547453,45.828187890714268],[-119.62324548114657,45.824556664922298],[-119.62321211502197,45.820925437648853],[-119.62317896000148,45.817293395035456],[-119.62314582654052,45.81366135405537],[-119.62311264816381,45.810029311623552],[-119.62307949224501,45.806397246494363],[-119.62307116216739,45.805489253480168],[-119.62306283029309,45.804581260695272],[-119.62305450380875,45.803673267514164],[-119.62304617373113,45.802765274563832],[-119.62303784994167,45.80185728121873],[-119.62302952615227,45.800949288105819],[-119.62302120236284,45.800041295852019],[-119.62301287767509,45.799133303205636],[-119.62301291540433,45.798228987765604],[-119.62301295403192,45.79732467393287],[-119.6230129953544,45.796420336655558],[-119.62301304027019,45.795516021654976],[-119.6230130708129,45.7946117076375],[-119.62301310494888,45.793707370802849],[-119.62301314177981,45.792803055621725],[-119.62301317861073,45.791898718250373],[-119.62301381102469,45.790995475515501],[-119.62301444254034,45.790092255725625],[-119.62301507764923,45.78918901252927],[-119.62301571545311,45.788285792280035],[-119.62301634157886,45.787382549251319],[-119.62301696950121,45.786479329171875],[-119.62301759922025,45.785576085060782],[-119.62301822983758,45.784672865780387],[-119.62301885865828,45.783769621842545],[-119.62301948658066,45.782866402111097],[-119.62302011450303,45.781963158975763],[-119.62302074332372,45.781059915616055],[-119.62302137214444,45.780156672659196],[-119.62302200006683,45.779253452660143],[-119.62302262888751,45.778350209884948],[-119.62302325770821,45.777446965635185],[-119.61681580477185,45.777424196367484],[-119.61165336649705,45.777409294402396],[-119.60650093994613,45.777416699335603],[-119.60134851339519,45.777424080459845],[-119.59602137080971,45.777450345124493],[-119.59069420486803,45.77747660915027],[-119.58558513101268,45.777480893343025],[-119.58047608051356,45.777485154980418],[-119.57537955702107,45.777480195391782],[-119.57028305598648,45.777475237055747],[-119.56511409863766,45.777449044453448],[-119.55994514039055,45.77742285121235],[-119.55477671843768,45.777402758462536],[-119.549608319841,45.777382665705467],[-119.54443989788811,45.777362596749278],[-119.53927147593521,45.777342503351207],[-119.53410770995046,45.777323039607509],[-119.52894394486401,45.77730359841204],[-119.52376569713854,45.777282550788492],[-119.51858744941306,45.777261504410077],[-119.51339912079349,45.777239594665595],[-119.50821076881772,45.777217709347212],[-119.50302241594362,45.777195800838605],[-119.50114671027417,45.777187879614935],[-119.49783403971333,45.777173891068301],[-119.49783532160923,45.780806958417685],[-119.49783657925062,45.784440024592222],[-119.49783783779033,45.788073055720673],[-119.49783911878791,45.791706110016591],[-119.4978350682843,45.795333135237108],[-119.4978310177807,45.798960135463325],[-119.49782700051475,45.802587167016824],[-119.49782296348585,45.806214184133395],[-119.49781851772353,45.809837425406641],[-119.49781404680837,45.813460666422323],[-119.49781309369585,45.81404884240208],[-119.4978086003228,45.817084535721662],[-119.49780336134806,45.820708289399867],[-119.49780196536611,45.82432631471341],[-119.49780056938414,45.827944339641306],[-119.49779915004599,45.8315623422315],[-119.49779775406405,45.83518034434907],[-119.49779767231736,45.838797182516629],[-119.49779759236731,45.842414043427539],[-119.49779751151893,45.846030900124902],[-119.49779743067054,45.849647743178743],[-119.49779471865671,45.853267142194326],[-119.49779203089737,45.85688656468546],[-119.49778765430531,45.860508688143142],[-119.49778702638292,45.860898307093379],[-119.49778239287268,45.864900526400113]]]},"properties":{"PLSSID":"OR330040N0260E0","TWNSHPLAB":"T04N R26E","STATEABBR":"OR","PRINMER":"Willamette Meridian"}},{"type":"Feature","geometry":{"type":"Polygon","coordinates":[[[-119.37252638244146,45.781196473309173],[-119.37253404327421,45.784816291108179],[-119.37253148307566,45.788446959975659],[-119.37252892287709,45.792077604083545],[-119.37252254394026,45.795700215860116],[-119.37251618835963,45.799322805717203],[-119.37251039153109,45.802945417450864],[-119.37250459470256,45.80656800717766],[-119.37248913559486,45.810188780283561],[-119.37247367648712,45.813809599155242],[-119.3724581940232,45.817430395496118],[-119.37244273491547,45.821051168013518],[-119.37242203683303,45.824673198082174],[-119.37240133964887,45.828295251652349],[-119.37239405251529,45.831917910775559],[-119.37238678873791,45.835540592599159],[-119.3723794791464,45.839163181294396],[-119.37237219111454,45.842785793231691],[-119.37237703483055,45.846409942681753],[-119.37238190190277,45.850034115077172],[-119.37230781694294,45.853704970364241],[-119.37223375354272,45.857375777310921],[-119.37215938830857,45.861045771411803],[-119.37215931823995,45.861049031974019],[-119.37215924817137,45.861052290659259],[-119.37208304408584,45.864816555788742],[-119.37498855863403,45.864820468573292],[-119.37614359984995,45.864822550387274],[-119.37727512317173,45.864824589664146],[-119.38032338810342,45.864830063182886],[-119.38246748073533,45.864831992989082],[-119.38538964196408,45.864834579617344],[-119.38766041501738,45.864836581361054],[-119.39045666747762,45.864839069778576],[-119.39285333133313,45.864841212895271],[-119.39565782942933,45.864843700687032],[-119.39807600344434,45.864845868199787],[-119.4008590057541,45.864848314705448],[-119.40329867465721,45.86485215555016],[-119.40605781322145,45.864856505587966],[-119.40852130364931,45.864860396475649],[-119.41125664494334,45.864864680830642],[-119.41374397396388,45.864868448485531],[-119.41645803596549,45.864872527661284],[-119.41897775194694,45.864876343482543],[-119.42165945034381,45.864880415151248],[-119.42421157304915,45.864884237852927],[-119.42566849131967,45.864886450403311],[-119.42686084226426,45.864888261354118],[-119.42944535193053,45.864892150988517],[-119.43206223328639,45.864896106930324],[-119.43467915506642,45.864899227770401],[-119.43726236127723,45.864902305447721],[-119.43989921757175,45.864905466322256],[-119.44248580234631,45.864908569021004],[-119.44514261022329,45.864911752414777],[-119.44768591416748,45.864914782550045],[-119.45036267362691,45.864917992216284],[-119.45288602509034,45.864920995452884],[-119.45558280979409,45.864919924521637],[-119.45805891706007,45.864918925527888],[-119.46072927602309,45.864917875865139],[-119.4632317847753,45.86491687749691],[-119.4658754835373,45.86491582845963],[-119.46840442162349,45.864914821959324],[-119.47102141706539,45.864913774798623],[-119.47357703511551,45.864912749531982],[-119.47616762368131,45.864911727393007],[-119.47874992618692,45.864910704002945],[-119.48135476562639,45.864909654965544],[-119.48392256303514,45.864908631575396],[-119.48654190667315,45.864907583163514],[-119.48909543075034,45.864906602310349],[-119.49172900549911,45.864905553898431],[-119.49426832541502,45.864904530508248],[-119.49778239287268,45.864900526400113],[-119.49778702638292,45.860898307093379],[-119.49778765430531,45.860508688143142],[-119.49779203089737,45.85688656468546],[-119.49779471865671,45.853267142194326],[-119.49779743067054,45.849647743178743],[-119.49779751151893,45.846030900124902],[-119.49779759236731,45.842414043427539],[-119.49779767231736,45.838797182516629],[-119.49779775406405,45.83518034434907],[-119.49779915004599,45.8315623422315],[-119.49780056938414,45.827944339641306],[-119.49780196536611,45.82432631471341],[-119.49780336134806,45.820708289399867],[-119.4978086003228,45.817084535721662],[-119.49781309369585,45.81404884240208],[-119.49781404680837,45.813460666422323],[-119.49781851772353,45.809837425406641],[-119.49782296348585,45.806214184133395],[-119.49782700051475,45.802587167016824],[-119.4978310177807,45.798960135463325],[-119.4978350682843,45.795333135237108],[-119.49783911878791,45.791706110016591],[-119.49783783779033,45.788073055720673],[-119.49783657925062,45.784440024592222],[-119.49783532160923,45.780806958417685],[-119.49783403971333,45.777173891068301],[-119.49170316545997,45.777288957050885],[-119.49168621604719,45.777289282846127],[-119.49166926573611,45.777289608641361],[-119.48665872538935,45.77738358043672],[-119.48148452996411,45.777480823171963],[-119.4763103336406,45.777578064484594],[-119.47114213177494,45.777560766097821],[-119.46597393260426,45.777543443271149],[-119.46078630646723,45.777540195984514],[-119.45900699182441,45.777539082020446],[-119.45559869380492,45.777536948697744],[-119.45041740707886,45.777539603917006],[-119.4452361212511,45.777542281691112],[-119.44005483542335,45.777544948187611],[-119.43487352713771,45.777547614683975],[-119.42968440620406,45.777550013026918],[-119.42449526191419,45.777552411369804],[-119.41929319535899,45.777555857891052],[-119.41409112970207,45.777559305038615],[-119.40890023908732,45.777561563039185],[-119.40370934937081,45.777563799737784],[-119.39850944865375,45.777567095265532],[-119.39330952727543,45.777570395805284],[-119.38808143832307,45.77756827125512],[-119.38285333050608,45.777566129788696],[-119.37768605031194,45.77757139260833],[-119.37614280933248,45.777572964562339],[-119.37251874496495,45.777576654800974],[-119.37252638244146,45.781196473309173]]]},"properties":{"PLSSID":"OR330040N0270E0","TWNSHPLAB":"T04N R27E","STATEABBR":"OR","PRINMER":"Willamette Meridian"}},{"type":"Feature","geometry":{"type":"Polygon","coordinates":[[[-119.24850630112759,45.780479716793742],[-119.24851624368117,45.784099487787465],[-119.24852602363967,45.787719050073349],[-119.24853580359817,45.791338775711665],[-119.24854322907233,45.793594575386528],[-119.24854367014511,45.793728531857681],[-119.24854411930276,45.793865048497167],[-119.24854770088579,45.794953098424131],[-119.24855957661384,45.798567399049951],[-119.24857038065177,45.802183678415773],[-119.24858120804588,45.805799817627033],[-119.24858838019513,45.80940596891751],[-119.24859557480221,45.813012119669338],[-119.24860263017048,45.816618457038153],[-119.24860969003031,45.820224976560858],[-119.24859879077094,45.823855532742492],[-119.24858789510488,45.827486130730463],[-119.24857697518428,45.83111633420193],[-119.2485661037727,45.834746745288449],[-119.24855702450012,45.838376761843435],[-119.24854794343092,45.842006614819468],[-119.24854400880996,45.843820715021678],[-119.24854005173115,45.8456348392967],[-119.24853614136471,45.847449125299427],[-119.24853220674377,45.849263411572565],[-119.24851041361498,45.851084240426033],[-119.2484885980283,45.852905092886694],[-119.2484668057978,45.854725851948324],[-119.24844499021117,45.856546563911593],[-119.24840084520146,45.860193832877819],[-119.24837879515448,45.86201743050853],[-119.24834911122424,45.864470187248649],[-119.24996523611593,45.864474867606205],[-119.25113954260142,45.864478282477918],[-119.25355960667179,45.864485321154014],[-119.25517752370244,45.864490024030061],[-119.25877026291774,45.864500477574978],[-119.26038974032205,45.864505204220563],[-119.26398071075455,45.864515657762631],[-119.26560200455239,45.864520360636114],[-119.26919111277732,45.864535098555713],[-119.27081289525866,45.864541734371556],[-119.27179634837383,45.864545762276357],[-119.27440151480006,45.864556448514683],[-119.27602406534098,45.864563083702429],[-119.27700684382134,45.86456720481231],[-119.27961214858814,45.864578124375846],[-119.28123497940342,45.86458492345453],[-119.28221733837059,45.864589043937222],[-119.28482252725469,45.864599963496474],[-119.28644614768911,45.864606785717761],[-119.287427856276,45.864613397754219],[-119.2900330918725,45.864630906197831],[-119.29165825022268,45.864635772329386],[-119.29426450989861,45.864643617941219],[-119.29525129217024,45.864646551756863],[-119.29687076957454,45.864651394741784],[-119.29947684329922,45.864666435391356],[-119.30046968021584,45.864672115981605],[-119.30208294038009,45.864677982984276],[-119.30468917759812,45.864687528825797],[-119.30568555387697,45.864691114458601],[-119.30729543817237,45.864696981459211],[-119.31090140328361,45.864707621378052],[-119.31248516367222,45.864711207009613],[-119.31609972027083,45.864719378520405],[-119.31767491342657,45.864722941631484],[-119.31767745565884,45.864722946635894],[-119.31890415638327,45.864725721558649],[-119.32129799234229,45.864731136285776],[-119.32286463982476,45.864735000909363],[-119.32649630932951,45.864743964357807],[-119.32805438957911,45.86474782960601],[-119.33169457960435,45.864755536330897],[-119.3332542435838,45.864758259957284],[-119.33689031303683,45.864764639272749],[-119.33845412094466,45.864767363524201],[-119.34208628003125,45.864774626734544],[-119.34365397494935,45.864777746955887],[-119.34728201256543,45.864784987645237],[-119.34885357293415,45.864788130385641],[-119.35247797866154,45.864795696982782],[-119.35405368385702,45.864797304008768],[-119.35762369928888,45.864800958444519],[-119.35925381723776,45.864802587989985],[-119.36276921150707,45.864806196760561],[-119.36445395061845,45.86480791951211],[-119.36791493213443,45.864811435701668],[-119.36965410645706,45.864813204117866],[-119.37208304408584,45.864816555788742],[-119.37215924817137,45.861052290659259],[-119.37215931823995,45.861049031974019],[-119.37215938830857,45.861045771411803],[-119.37223375354272,45.857375777310921],[-119.37230781694294,45.853704970364241],[-119.37238190190277,45.850034115077172],[-119.37237703483055,45.846409942681753],[-119.37237219111454,45.842785793231691],[-119.3723794791464,45.839163181294396],[-119.37238678873791,45.835540592599159],[-119.37239405251529,45.831917910775559],[-119.37240133964887,45.828295251652349],[-119.37242203683303,45.824673198082174],[-119.37244273491547,45.821051168013518],[-119.3724581940232,45.817430395496118],[-119.37247367648712,45.813809599155242],[-119.37248913559486,45.810188780283561],[-119.37250459470256,45.80656800717766],[-119.37251039153109,45.802945417450864],[-119.37251618835963,45.799322805717203],[-119.37252254394026,45.795700215860116],[-119.37252892287709,45.792077604083545],[-119.37253148307566,45.788446959975659],[-119.37253404327421,45.784816291108179],[-119.37252638244146,45.781196473309173],[-119.37251874496495,45.777576654800974],[-119.36836255455565,45.777530089485118],[-119.36316717056783,45.777471835639446],[-119.35797278730324,45.777413884345883],[-119.3527781489171,45.777355887255531],[-119.34757175248221,45.777365782646449],[-119.34236561206718,45.77737565485404],[-119.33715718903299,45.777383571665318],[-119.33194869682856,45.777391489102015],[-119.32673093850194,45.777353258341691],[-119.32151317927703,45.777315028181754],[-119.3162954200521,45.777276797369062],[-119.31107766172551,45.777238567156644],[-119.30586090322382,45.77720194396823],[-119.30064419233283,45.777165273139424],[-119.29542743472945,45.777128626721201],[-119.29021072383847,45.777091979025847],[-119.28499401204917,45.777055332559463],[-119.279777277802,45.777018709250704],[-119.27456405866252,45.7769922370004],[-119.26935084042135,45.776965810474458],[-119.26413708588595,45.776939338825628],[-119.25892363408283,45.776912866537636],[-119.25370990290364,45.776886416792358],[-119.25113892456048,45.776873384887466],[-119.24849638193027,45.776859991469308],[-119.24850630112759,45.780479716793742]]]},"properties":{"PLSSID":"OR330040N0280E0","TWNSHPLAB":"T04N R28E","STATEABBR":"OR","PRINMER":"Willamette Meridian"}},{"type":"Feature","geometry":{"type":"Polygon","coordinates":[[[-119.76457364917798,45.777456963133872],[-119.76974169922831,45.777463458969656],[-119.77495966776068,45.77748057130804],[-119.78017763629309,45.777497683641215],[-119.78537120388742,45.777508392865293],[-119.79056477238004,45.777519079532382],[-119.79576392659709,45.777525807802284],[-119.80096308261081,45.777532536697912],[-119.80616223862451,45.777539241784694],[-119.81136141799442,45.777545946244182],[-119.81655698793348,45.777552814852733],[-119.82175255877087,45.777559682207418],[-119.82694812870997,45.777566550814278],[-119.83214369775075,45.777573395612322],[-119.83733589182098,45.777580262964463],[-119.84252806253504,45.777587108387308],[-119.84772025750362,45.777593952556288],[-119.85291245157387,45.777600797350971],[-119.85810038493474,45.777608852592458],[-119.86328829404108,45.777616908459329],[-119.86846922054272,45.777642518940759],[-119.87468375040689,45.77767308898234],[-119.87468321411266,45.774049824946019],[-119.87468267781843,45.770426537283768],[-119.8746816294845,45.766802598135591],[-119.87468058025226,45.763178635360873],[-119.87467818175043,45.759553532169754],[-119.87467578324862,45.755928404661177],[-119.87468251163011,45.752237154471672],[-119.87468682803505,45.749860547930247],[-119.87468921575709,45.748545880156463],[-119.87469065845143,45.744802568997599],[-119.87469207778958,45.74105923376829],[-119.87468599978835,45.737432011458431],[-119.87467992268544,45.73380481184784],[-119.874669444736,45.73015842755639],[-119.87465896678651,45.726512020919323],[-119.87464846548085,45.722865636505041],[-119.87463798753137,45.719219252412451],[-119.87462662384303,45.715581272839202],[-119.8746152376968,45.7119432703116],[-119.87457668020815,45.708303545504329],[-119.87453809936335,45.704663820187967],[-119.87452971628511,45.701016993656829],[-119.874521310749,45.697370166409577],[-119.87450999467137,45.693752304268898],[-119.87449867859372,45.690134442128446],[-119.86776242068726,45.690142218832271],[-119.86266610650223,45.690147924132255],[-119.85749903471721,45.69015635281464],[-119.85233193957603,45.690164758277909],[-119.84716978067728,45.690173048278602],[-119.84200762177856,45.69018131443277],[-119.83684676723365,45.690186436774539],[-119.83168588933249,45.690191559743369],[-119.82651611631343,45.690209116136437],[-119.82134634329435,45.690226671268967],[-119.81619331127891,45.690230514120351],[-119.81104030261967,45.690234355716477],[-119.80588127524803,45.690236475434084],[-119.80072224787641,45.690238606446684],[-119.79556322050475,45.69024074938185],[-119.79040419403141,45.690242879766814],[-119.78524291907493,45.690243485310695],[-119.78008164501676,45.690244091482036],[-119.77492165105787,45.690262579078116],[-119.76976165709898,45.690281066040505],[-119.76459297912625,45.690269052433543],[-119.7594242786956,45.690257038823958],[-119.75425688082214,45.690248192237469],[-119.75115138242707,45.690242861569146],[-119.74908950630488,45.690239321804263],[-119.74909008841318,45.693867545408601],[-119.74909064806361,45.69749579151145],[-119.74908217425556,45.701129463725877],[-119.74907369954916,45.704763135053547],[-119.74906622646429,45.70838395514803],[-119.74905875337946,45.712004797260334],[-119.74905128119293,45.715625639388463],[-119.74904383056597,45.719246482741994],[-119.74898383208814,45.72291354186585],[-119.74892385427157,45.726580625569717],[-119.74896245937089,45.730208848691007],[-119.74900108602978,45.733837071898719],[-119.74903875867786,45.737466902088727],[-119.74907645558042,45.741096755262546],[-119.74911410397399,45.74472658560714],[-119.74915177662207,45.748356415648438],[-119.74914031771232,45.749861567167819],[-119.749124024968,45.752001589107493],[-119.74909624816112,45.755646785243663],[-119.74906849650701,45.75929193569285],[-119.7490407197001,45.762937091806869],[-119.74907080248236,45.766597138344153],[-119.74910090862076,45.770257189129552],[-119.74908649694866,45.773873654446867],[-119.74907208527657,45.777490073844362],[-119.75115256640662,45.777482104419924],[-119.75423883097316,45.777470282478383],[-119.7594056000259,45.777450467923906],[-119.76457364917798,45.777456963133872]]]},"properties":{"PLSSID":"OR330030N0240E0","TWNSHPLAB":"T03N R24E","STATEABBR":"OR","PRINMER":"Willamette Meridian"}},{"type":"Feature","geometry":{"type":"Polygon","coordinates":[[[-119.64867982494228,45.777427964931903],[-119.6538130437158,45.777602912501997],[-119.65894737819693,45.777632621719384],[-119.66408173783088,45.777662330294369],[-119.66936019532122,45.777602049776007],[-119.67463865281158,45.777541769192489],[-119.67991708784403,45.777481488543799],[-119.68519554623271,45.777421208456431],[-119.69033952053515,45.777435433768503],[-119.69548347237968,45.777449659076908],[-119.70062747093664,45.777463884381724],[-119.70577144523908,45.77747811030941],[-119.71093344154269,45.777468680448173],[-119.71609543694807,45.777459273140401],[-119.7212574557096,45.777449819467947],[-119.72641947626778,45.777440390228477],[-119.7316209373585,45.777451751678676],[-119.73682242090709,45.777463089945066],[-119.74202283366388,45.777474590479649],[-119.74907208527657,45.777490073844362],[-119.74908649694866,45.773873654446867],[-119.74910090862076,45.770257189129552],[-119.74907080248236,45.766597138344153],[-119.7490407197001,45.762937091806869],[-119.74906849650701,45.75929193569285],[-119.74909624816112,45.755646785243663],[-119.749124024968,45.752001589107493],[-119.74914031771232,45.749861567167819],[-119.74915177662207,45.748356415648438],[-119.74911410397399,45.74472658560714],[-119.74907645558042,45.741096755262546],[-119.74903875867786,45.737466902088727],[-119.74900108602978,45.733837071898719],[-119.74896245937089,45.730208848691007],[-119.74892385427157,45.726580625569717],[-119.74898383208814,45.72291354186585],[-119.74904383056597,45.719246482741994],[-119.74905128119293,45.715625639388463],[-119.74905875337946,45.712004797260334],[-119.74906622646429,45.70838395514803],[-119.74907369954916,45.704763135053547],[-119.74908217425556,45.701129463725877],[-119.74909064806361,45.69749579151145],[-119.74909008841318,45.693867545408601],[-119.74908950630488,45.690239321804263],[-119.74180854145116,45.690300323574107],[-119.73659150447173,45.690343701161609],[-119.73141332681486,45.690424540750385],[-119.72623512580178,45.69050537896733],[-119.72110244332249,45.690469291847918],[-119.71596975994485,45.690433226040398],[-119.71083707836387,45.690397137619392],[-119.70570437252836,45.690361050430148],[-119.70051944223552,45.690352970671654],[-119.69533451284096,45.690344892166991],[-119.69017151581409,45.690366290098957],[-119.68500851788889,45.69038771124044],[-119.67985010765982,45.690410901937028],[-119.67469169743079,45.690434115214217],[-119.66952821172039,45.690427852719381],[-119.66436474846789,45.690421590223885],[-119.65919986587721,45.690415211011754],[-119.65403495993034,45.69040880858126],[-119.64884553536612,45.690443663948678],[-119.64365608924231,45.690478519294373],[-119.63850149685324,45.69047027702932],[-119.63334690536246,45.690462035390517],[-119.62819233632958,45.690453771160335],[-119.62690368868147,45.69045171733891],[-119.62614878404256,45.690450504373203],[-119.62561504103336,45.69044964657482],[-119.62432639248691,45.690447576438181],[-119.6230377439405,45.690445505673949],[-119.62302793613421,45.691355664431114],[-119.62301813102289,45.692265799592462],[-119.62300832052166,45.6931759575915],[-119.6229985127154,45.694086093248949],[-119.62298869862092,45.694996227898649],[-119.62297888542476,45.695906386010201],[-119.62296907133027,45.696816521151774],[-119.62295925903243,45.697726655910905],[-119.62295183715156,45.698631063266028],[-119.62294441616899,45.699535447209364],[-119.62293699428812,45.70043985542312],[-119.62292957330556,45.701344262182758],[-119.6229221532213,45.702248646784327],[-119.6229147304421,45.703153054398378],[-119.62290731035787,45.704057438598944],[-119.62289988847698,45.704961845809777],[-119.62289106881752,45.705867836829334],[-119.62288225005639,45.706773826966796],[-119.62287343129525,45.707679818103394],[-119.62286461612734,45.708585832193926],[-119.62285579467127,45.709491798980032],[-119.62284697501181,45.710397813182681],[-119.62283815984392,45.711303803290001],[-119.6228293428794,45.712209794392926],[-119.62282132002561,45.713121070443869],[-119.6228132971718,45.714032369270434],[-119.62280527701294,45.714943645083054],[-119.62279725954905,45.715854921716463],[-119.6227892295087,45.716766197288344],[-119.62278120216335,45.717677473679544],[-119.62277317661459,45.718588748380583],[-119.62276515196416,45.719500024526724],[-119.62275614725174,45.720408157496465],[-119.62274714253934,45.721316266925861],[-119.62273813782691,45.722224399851385],[-119.62272913401284,45.723132508608714],[-119.62272012930045,45.724040618910557],[-119.62271112458802,45.724948750823884],[-119.6227021198756,45.725856861076579],[-119.62269311606151,45.726764970363106],[-119.62268430897849,45.727672777054273],[-119.62267550189543,45.728580583414889],[-119.62266669660903,45.729488367496899],[-119.62265788952597,45.730396197649839],[-119.62264908244293,45.73130398044092],[-119.6226402762582,45.732211810554141],[-119.62263146917513,45.733119617759563],[-119.62262266299044,45.734027423376212],[-119.62263030675517,45.734925824835628],[-119.62263794962161,45.735824225009125],[-119.62264559158972,45.736722601951499],[-119.62265323535448,45.737621002059413],[-119.62266087822091,45.738519402760332],[-119.62266852018904,45.739417802799558],[-119.62267616215715,45.740316202803434],[-119.62268380592191,45.741214604025174],[-119.6226917919448,45.742112911171446],[-119.62269977796767,45.743011195087504],[-119.62270776488886,45.743909502164648],[-119.62271575181006,45.7448077866378],[-119.62272374322282,45.745706093643015],[-119.6227317355339,45.746604377416766],[-119.62273972784499,45.74750268434736],[-119.62274771925777,45.748400968672705],[-119.62275565946653,45.74929929997279],[-119.62276063792984,45.749862493633472],[-119.62276359967534,45.750197606785761],[-119.62277153988414,45.751095936750595],[-119.62277947829629,45.751994267927032],[-119.62278742389501,45.75289257461538],[-119.62279536679874,45.753790881887937],[-119.62280331599068,45.754689212934878],[-119.62281126069104,45.755587543310256],[-119.62281975336376,45.756498004009806],[-119.62282824603646,45.757408512529956],[-119.62283673870915,45.758318996165571],[-119.62284523138183,45.759229480613143],[-119.62285372405454,45.760139964618475],[-119.62286221672726,45.761050472622649],[-119.62287070939993,45.761960956367737],[-119.62287920207262,45.762871440921899],[-119.62288805227479,45.763782693968615],[-119.62289690157867,45.764693922730913],[-119.62290575178083,45.765605176088897],[-119.62291459299988,45.766516404535203],[-119.62292345038857,45.767427658201584],[-119.622932304184,45.768338910140955],[-119.62294115528451,45.769250139047656],[-119.62295000818163,45.770161391917782],[-119.62295916560765,45.771072086012239],[-119.62296832393196,45.771982780275025],[-119.62297747956134,45.772893473452186],[-119.62298663249578,45.773804167422846],[-119.62299579441336,45.77471486155968],[-119.62300494914442,45.775625578417653],[-119.62301410297715,45.776536272257651],[-119.62302325770821,45.777446965635185],[-119.6243059674923,45.777434805361274],[-119.62558867817471,45.777422647590775],[-119.6261496437303,45.777417415456974],[-119.62687138975544,45.777410591941724],[-119.62815410043784,45.777398466745453],[-119.63328494406575,45.777349991621641],[-119.63841576433747,45.777301515202623],[-119.64354660706707,45.777253039367999],[-119.64867982494228,45.777427964931903]]]},"properties":{"PLSSID":"OR330030N0250E0","TWNSHPLAB":"T03N R25E","STATEABBR":"OR","PRINMER":"Willamette Meridian"}},{"type":"Feature","geometry":{"type":"Polygon","coordinates":[[[-119.55994514039055,45.77742285121235],[-119.56511409863766,45.777449044453448],[-119.57028305598648,45.777475237055747],[-119.57537955702107,45.777480195391782],[-119.58047608051356,45.777485154980418],[-119.58558513101268,45.777480893343025],[-119.59069420486803,45.77747660915027],[-119.59602137080971,45.777450345124493],[-119.60134851339519,45.777424080459845],[-119.60650093994613,45.777416699335603],[-119.61165336649705,45.777409294402396],[-119.61681580477185,45.777424196367484],[-119.62302325770821,45.777446965635185],[-119.62301410297715,45.776536272257651],[-119.62300494914442,45.775625578417653],[-119.62299579441336,45.77471486155968],[-119.62298663249578,45.773804167422846],[-119.62297747956134,45.772893473452186],[-119.62296832393196,45.771982780275025],[-119.62295916560765,45.771072086012239],[-119.62295000818163,45.770161391917782],[-119.62294115528451,45.769250139047656],[-119.622932304184,45.768338910140955],[-119.62292345038857,45.767427658201584],[-119.62291459299988,45.766516404535203],[-119.62290575178083,45.765605176088897],[-119.62289690157867,45.764693922730913],[-119.62288805227479,45.763782693968615],[-119.62287920207262,45.762871440921899],[-119.62287070939993,45.761960956367737],[-119.62286221672726,45.761050472622649],[-119.62285372405454,45.760139964618475],[-119.62284523138183,45.759229480613143],[-119.62283673870915,45.758318996165571],[-119.62282824603646,45.757408512529956],[-119.62281975336376,45.756498004009806],[-119.62281126069104,45.755587543310256],[-119.62280331599068,45.754689212934878],[-119.62279536679874,45.753790881887937],[-119.62278742389501,45.75289257461538],[-119.62277947829629,45.751994267927032],[-119.62277153988414,45.751095936750595],[-119.62276359967534,45.750197606785761],[-119.62276063792984,45.749862493633472],[-119.62275565946653,45.74929929997279],[-119.62274771925777,45.748400968672705],[-119.62273972784499,45.74750268434736],[-119.6227317355339,45.746604377416766],[-119.62272374322282,45.745706093643015],[-119.62271575181006,45.7448077866378],[-119.62270776488886,45.743909502164648],[-119.62269977796767,45.743011195087504],[-119.6226917919448,45.742112911171446],[-119.62268380592191,45.741214604025174],[-119.62267616215715,45.740316202803434],[-119.62266852018904,45.739417802799558],[-119.62266087822091,45.738519402760332],[-119.62265323535448,45.737621002059413],[-119.62264559158972,45.736722601951499],[-119.62263794962161,45.735824225009125],[-119.62263030675517,45.734925824835628],[-119.62262266299044,45.734027423376212],[-119.62263146917513,45.733119617759563],[-119.6226402762582,45.732211810554141],[-119.62264908244293,45.73130398044092],[-119.62265788952597,45.730396197649839],[-119.62266669660903,45.729488367496899],[-119.62267550189543,45.728580583414889],[-119.62268430897849,45.727672777054273],[-119.62269311606151,45.726764970363106],[-119.6227021198756,45.725856861076579],[-119.62271112458802,45.724948750823884],[-119.62272012930045,45.724040618910557],[-119.62272913401284,45.723132508608714],[-119.62273813782691,45.722224399851385],[-119.62274714253934,45.721316266925861],[-119.62275614725174,45.720408157496465],[-119.62276515196416,45.719500024526724],[-119.62277317661459,45.718588748380583],[-119.62278120216335,45.717677473679544],[-119.6227892295087,45.716766197288344],[-119.62279725954905,45.715854921716463],[-119.62280527701294,45.714943645083054],[-119.6228132971718,45.714032369270434],[-119.62282132002561,45.713121070443869],[-119.6228293428794,45.712209794392926],[-119.62283815984392,45.711303803290001],[-119.62284697501181,45.710397813182681],[-119.62285579467127,45.709491798980032],[-119.62286461612734,45.708585832193926],[-119.62287343129525,45.707679818103394],[-119.62288225005639,45.706773826966796],[-119.62289106881752,45.705867836829334],[-119.62289988847698,45.704961845809777],[-119.62290731035787,45.704057438598944],[-119.6229147304421,45.703153054398378],[-119.6229221532213,45.702248646784327],[-119.62292957330556,45.701344262182758],[-119.62293699428812,45.70043985542312],[-119.62294441616899,45.699535447209364],[-119.62295183715156,45.698631063266028],[-119.62295925903243,45.697726655910905],[-119.62296907133027,45.696816521151774],[-119.62297888542476,45.695906386010201],[-119.62298869862092,45.694996227898649],[-119.6229985127154,45.694086093248949],[-119.62300832052166,45.6931759575915],[-119.62301813102289,45.692265799592462],[-119.62302793613421,45.691355664431114],[-119.6230377439405,45.690445505673949],[-119.61693958363486,45.690382968557607],[-119.61169579302961,45.690330162729452],[-119.60644692873969,45.690269278335805],[-119.6011980869076,45.690208393875878],[-119.59606931569304,45.690210000293774],[-119.59094056783468,45.69021160796661],[-119.58581645348657,45.690214611214778],[-119.58069233913842,45.69021761571782],[-119.57552540749062,45.690213448444446],[-119.57035847494446,45.690209305016012],[-119.56519156665281,45.690205137742026],[-119.5600246574629,45.690200994312974],[-119.55485835463575,45.690197245585644],[-119.5496920742665,45.690193496858001],[-119.54452577054104,45.690189726794891],[-119.53935946771392,45.690185978066744],[-119.53418794926826,45.690162462855497],[-119.52901642992425,45.690138947006893],[-119.52384491147858,45.690115455621154],[-119.51867341638912,45.690091940380242],[-119.51350541305113,45.690070333382955],[-119.50833741061153,45.690048704414551],[-119.5031667770064,45.690040789018198],[-119.50114617936984,45.690037685986781],[-119.49799614160465,45.690032849147933],[-119.49801458311912,45.693648476542919],[-119.49803304709147,45.697264103601015],[-119.49799714592113,45.700911326745526],[-119.49796122049631,45.704558572335415],[-119.49795211696922,45.708185910208336],[-119.49794303859494,45.711813249811293],[-119.49793845179711,45.71543064709109],[-119.49793389015208,45.719048043536112],[-119.49792751031696,45.722661831776584],[-119.49792113138011,45.726275619560091],[-119.49791472998541,45.729889406842126],[-119.49790835104855,45.733503195459136],[-119.4979015292423,45.737119730286899],[-119.49789470833434,45.740736288574283],[-119.49788786407018,45.744352825135266],[-119.49788101980604,45.747969383182543],[-119.4978783661827,45.74986262025466],[-119.49787594432472,45.75159015670647],[-119.49787086884334,45.755210882756167],[-119.49786418807258,45.758870538034309],[-119.4978575297597,45.76253019332362],[-119.49785121999314,45.766191851363786],[-119.49784491202321,45.769853532870719],[-119.49783948799551,45.773513700812892],[-119.49783403971333,45.777173891068301],[-119.50114671027417,45.777187879614935],[-119.50302241594362,45.777195800838605],[-119.50821076881772,45.777217709347212],[-119.51339912079349,45.777239594665595],[-119.51858744941306,45.777261504410077],[-119.52376569713854,45.777282550788492],[-119.52894394486401,45.77730359841204],[-119.53410770995046,45.777323039607509],[-119.53927147593521,45.777342503351207],[-119.54443989788811,45.777362596749278],[-119.549608319841,45.777382665705467],[-119.55477671843768,45.777402758462536],[-119.55994514039055,45.77742285121235]]]},"properties":{"PLSSID":"OR330030N0260E0","TWNSHPLAB":"T03N R26E","STATEABBR":"OR","PRINMER":"Willamette Meridian"}},{"type":"Feature","geometry":{"type":"Polygon","coordinates":[[[-119.45900699182441,45.777539082020446],[-119.46078630646723,45.777540195984514],[-119.46597393260426,45.777543443271149],[-119.47114213177494,45.777560766097821],[-119.4763103336406,45.777578064484594],[-119.48148452996411,45.777480823171963],[-119.48665872538935,45.77738358043672],[-119.49166926573611,45.777289608641361],[-119.49168621604719,45.777289282846127],[-119.49170316545997,45.777288957050885],[-119.49783403971333,45.777173891068301],[-119.49783948799551,45.773513700812892],[-119.49784491202321,45.769853532870719],[-119.49785121999314,45.766191851363786],[-119.4978575297597,45.76253019332362],[-119.49786418807258,45.758870538034309],[-119.49787086884334,45.755210882756167],[-119.49787594432472,45.75159015670647],[-119.4978783661827,45.74986262025466],[-119.49788101980604,45.747969383182543],[-119.49788786407018,45.744352825135266],[-119.49789470833434,45.740736288574283],[-119.4979015292423,45.737119730286899],[-119.49790835104855,45.733503195459136],[-119.49791472998541,45.729889406842126],[-119.49792113138011,45.726275619560091],[-119.49792751031696,45.722661831776584],[-119.49793389015208,45.719048043536112],[-119.49793845179711,45.71543064709109],[-119.49794303859494,45.711813249811293],[-119.49795211696922,45.708185910208336],[-119.49796122049631,45.704558572335415],[-119.49799714592113,45.700911326745526],[-119.49803304709147,45.697264103601015],[-119.49801458311912,45.693648476542919],[-119.49799614160465,45.690032849147933],[-119.49144091039761,45.690010497901916],[-119.48623639952652,45.689992710523057],[-119.48107975897858,45.690018439030389],[-119.47592311753232,45.690044167525855],[-119.47084130934249,45.689999092293348],[-119.46575950025438,45.689954016397039],[-119.46060032106743,45.690006100944714],[-119.45544116523672,45.690058185443888],[-119.45021746904605,45.69007718514829],[-119.44499377375377,45.690096184846183],[-119.4397701009193,45.690115161319902],[-119.43454640472869,45.69013413778714],[-119.42935227748394,45.690155418455838],[-119.42415817539205,45.690176722961702],[-119.41902854179479,45.690164244349276],[-119.41389893335038,45.69015178769682],[-119.40872315329702,45.690153884199759],[-119.40354737414194,45.690155956857339],[-119.39837157163068,45.690158029514841],[-119.39319579157733,45.690160124762507],[-119.38803079130734,45.690162174202072],[-119.38286579283402,45.690164248114336],[-119.37770077010617,45.690166296298699],[-119.376142403294,45.690166921296147],[-119.37253576983619,45.690168370210827],[-119.37253275688674,45.693792816048287],[-119.37252971878445,45.697417272326575],[-119.37252670314003,45.701041712648518],[-119.37252368929225,45.704666175867608],[-119.37251498282052,45.708310034335959],[-119.37250625119594,45.711953915592581],[-119.37249755730063,45.715597779445098],[-119.37248883825248,45.719241654701484],[-119.37248073544863,45.722882078245121],[-119.37247261018688,45.726522525463153],[-119.37246451995942,45.730162972477146],[-119.37245640727409,45.733803396041871],[-119.37244520887577,45.737460817280741],[-119.37243401047742,45.741118214644466],[-119.37242278962121,45.744775646392661],[-119.37241159032456,45.748433077995294],[-119.37242509739319,45.749862346953563],[-119.3724459805286,45.75207224409106],[-119.37248039319049,45.755711364702108],[-119.3725148058524,45.759350496824247],[-119.37254922031094,45.762989627875811],[-119.37254157295293,45.766636355930643],[-119.37253394715449,45.77028304862133],[-119.37252633393246,45.773929874455469],[-119.37251874496495,45.777576654800974],[-119.37614280933248,45.777572964562339],[-119.37768605031194,45.77757139260833],[-119.38285333050608,45.777566129788696],[-119.38808143832307,45.77756827125512],[-119.39330952727543,45.777570395805284],[-119.39850944865375,45.777567095265532],[-119.40370934937081,45.777563799737784],[-119.40890023908732,45.777561563039185],[-119.41409112970207,45.777559305038615],[-119.41929319535899,45.777555857891052],[-119.42449526191419,45.777552411369804],[-119.42968440620406,45.777550013026918],[-119.43487352713771,45.777547614683975],[-119.44005483542335,45.777544948187611],[-119.4452361212511,45.777542281691112],[-119.45041740707886,45.777539603917006],[-119.45559869380492,45.777536948697744],[-119.45900699182441,45.777539082020446]]]},"properties":{"PLSSID":"OR330030N0270E0","TWNSHPLAB":"T03N R27E","STATEABBR":"OR","PRINMER":"Willamette Meridian"}},{"type":"Feature","geometry":{"type":"Polygon","coordinates":[[[-119.35797278730324,45.777413884345883],[-119.36316717056783,45.777471835639446],[-119.36836255455565,45.777530089485118],[-119.37251874496495,45.777576654800974],[-119.37252633393246,45.773929874455469],[-119.37253394715449,45.77028304862133],[-119.37254157295293,45.766636355930643],[-119.37254922031094,45.762989627875811],[-119.3725148058524,45.759350496824247],[-119.37248039319049,45.755711364702108],[-119.3724459805286,45.75207224409106],[-119.37242509739319,45.749862346953563],[-119.37241159032456,45.748433077995294],[-119.37242278962121,45.744775646392661],[-119.37243401047742,45.741118214644466],[-119.37244520887577,45.737460817280741],[-119.37245640727409,45.733803396041871],[-119.37246451995942,45.730162972477146],[-119.37247261018688,45.726522525463153],[-119.37248073544863,45.722882078245121],[-119.37248883825248,45.719241654701484],[-119.37249755730063,45.715597779445098],[-119.37250625119594,45.711953915592581],[-119.37251498282052,45.708310034335959],[-119.37252368929225,45.704666175867608],[-119.37252670314003,45.701041712648518],[-119.37252971878445,45.697417272326575],[-119.37253275688674,45.693792816048287],[-119.37253576983619,45.690168370210827],[-119.36777384722745,45.690142037482552],[-119.36258656604352,45.6901133760595],[-119.35739933157195,45.690084715249277],[-119.35221204948965,45.690056031206574],[-119.34702479166191,45.69002736973944],[-119.34183755629201,45.689998708885149],[-119.33665027600637,45.689970048643694],[-119.33146304063648,45.689941363914656],[-119.32627578280874,45.689912702388774],[-119.32108852408267,45.689884042103245],[-119.31590126625487,45.689855357330103],[-119.31071405513953,45.689826697015185],[-119.30552682066796,45.689798035430535],[-119.30033958529806,45.68976937508625],[-119.29515232657199,45.689740690881827],[-119.28996511545662,45.689712030508161],[-119.28477187395075,45.689646977498548],[-119.27957863154658,45.689581902450279],[-119.27438539004071,45.689516849916842],[-119.2691921709927,45.689451774089704],[-119.26399895284305,45.689386722032452],[-119.25880571133717,45.689321669272019],[-119.25361253900157,45.689256569999621],[-119.25113862452319,45.689225613917031],[-119.24841922742711,45.689191587369891],[-119.24842244070089,45.692844491747998],[-119.24842563151678,45.696497417934459],[-119.24842884568886,45.700150345174933],[-119.24843205896265,45.703803271541119],[-119.24843527313475,45.707456174403873],[-119.24843846395063,45.711109102021773],[-119.24844165386818,45.714762004792561],[-119.24844486714197,45.718414908389953],[-119.24844808221236,45.722067812767619],[-119.24845129548612,45.725720738574026],[-119.24845450965822,45.729373619289653],[-119.248457722932,45.733026522596127],[-119.24846091374789,45.73667942649849],[-119.24846412791997,45.740332329696571],[-119.24846734119373,45.743985233398206],[-119.24847055536583,45.747638113109623],[-119.24847251189651,45.749861314552376],[-119.24847376863958,45.751290923658189],[-119.24847700616787,45.754943665011346],[-119.24848024279785,45.758596382261842],[-119.24848345696992,45.762249122370555],[-119.2484866935999,45.765901839540952],[-119.24848990777197,45.769554533731259],[-119.24849314440195,45.77320727444976],[-119.24849638193027,45.776859991469308],[-119.25113892456048,45.776873384887466],[-119.25370990290364,45.776886416792358],[-119.25892363408283,45.776912866537636],[-119.26413708588595,45.776939338825628],[-119.26935084042135,45.776965810474458],[-119.27456405866252,45.7769922370004],[-119.279777277802,45.777018709250704],[-119.28499401204917,45.777055332559463],[-119.29021072383847,45.777091979025847],[-119.29542743472945,45.777128626721201],[-119.30064419233283,45.777165273139424],[-119.30586090322382,45.77720194396823],[-119.31107766172551,45.777238567156644],[-119.3162954200521,45.777276797369062],[-119.32151317927703,45.777315028181754],[-119.32673093850194,45.777353258341691],[-119.33194869682856,45.777391489102015],[-119.33715718903299,45.777383571665318],[-119.34236561206718,45.77737565485404],[-119.34757175248221,45.777365782646449],[-119.3527781489171,45.777355887255531],[-119.35797278730324,45.777413884345883]]]},"properties":{"PLSSID":"OR330030N0280E0","TWNSHPLAB":"T03N R28E","STATEABBR":"OR","PRINMER":"Willamette Meridian"}},{"type":"Feature","geometry":{"type":"Polygon","coordinates":[[[-119.86781926068856,45.603240736889759],[-119.86265949939332,45.603255475418486],[-119.85749692187967,45.603264952294808],[-119.85233436682392,45.603274452423364],[-119.84717041488787,45.603275733268838],[-119.84200643959565,45.603277014742773],[-119.83684248765962,45.603278318213484],[-119.8316785357236,45.603279622941187],[-119.82655029541336,45.603306311403166],[-119.82142204252671,45.603333011793545],[-119.81629380670805,45.603359695202286],[-119.81116554753321,45.603386377969841],[-119.80599279570066,45.603395482135284],[-119.80082004296979,45.603404586927688],[-119.79564729023893,45.603413667207953],[-119.79047453750806,45.603422767598062],[-119.78530585055216,45.603433951397307],[-119.78018333071365,45.603445047835613],[-119.78013715730806,45.603445147763885],[-119.77496846765722,45.603456347270686],[-119.76979977800639,45.6034675467752],[-119.76463512807938,45.603487361471124],[-119.75947045389785,45.603507176160043],[-119.75430580397085,45.603527013467172],[-119.7511515072929,45.603539100997892],[-119.74914117740003,45.60354680488836],[-119.74912844198424,45.607174539111931],[-119.74911568321227,45.610802273757436],[-119.7491029486948,45.614429984902308],[-119.74909018992282,45.618057695753976],[-119.74909014860032,45.621662446569943],[-119.74909012434581,45.624861443387907],[-119.74909012165087,45.625267227607196],[-119.74909009919297,45.628876777916993],[-119.74909005337889,45.632486304973369],[-119.74908998420861,45.636095948177754],[-119.74908991414003,45.63970559252607],[-119.74908984586806,45.643315235461699],[-119.74908977669777,45.646924856216792],[-119.74908966081513,45.650534569038676],[-119.74908956828865,45.654144259585323],[-119.74908945330429,45.65775394979218],[-119.74908933742162,45.661363617013158],[-119.74908931496373,45.664973190268093],[-119.74908926914965,45.668582740466448],[-119.74908922333556,45.672192291421368],[-119.74908917662319,45.675801841833064],[-119.74908927184462,45.679411182029348],[-119.7490893652694,45.683020523503735],[-119.74908943533798,45.686629934614118],[-119.74908950630488,45.690239321804263],[-119.75115138242707,45.690242861569146],[-119.75425688082214,45.690248192237469],[-119.7594242786956,45.690257038823958],[-119.76459297912625,45.690269052433543],[-119.76976165709898,45.690281066040505],[-119.77492165105787,45.690262579078116],[-119.78008164501676,45.690244091482036],[-119.78524291907493,45.690243485310695],[-119.79040419403141,45.690242879766814],[-119.79556322050475,45.69024074938185],[-119.80072224787641,45.690238606446684],[-119.80588127524803,45.690236475434084],[-119.81104030261967,45.690234355716477],[-119.81619331127891,45.690230514120351],[-119.82134634329435,45.690226671268967],[-119.82651611631343,45.690209116136437],[-119.83168588933249,45.690191559743369],[-119.83684676723365,45.690186436774539],[-119.84200762177856,45.69018131443277],[-119.84716978067728,45.690173048278602],[-119.85233193957603,45.690164758277909],[-119.85749903471721,45.69015635281464],[-119.86266610650223,45.690147924132255],[-119.86776242068726,45.690142218832271],[-119.87449867859372,45.690134442128446],[-119.87451821245961,45.686519466755428],[-119.87453776878333,45.682904537659297],[-119.87457692993982,45.679294335753944],[-119.87461606863843,45.675684110537951],[-119.87462379774314,45.672069995982568],[-119.87463152684785,45.668455901012088],[-119.87463925595253,45.664841768545756],[-119.87464700841346,45.66122765449785],[-119.87465536633884,45.657609629061952],[-119.87466372516259,45.653991626656371],[-119.87467210644415,45.65037360023377],[-119.87468048682746,45.646755599445633],[-119.87470912511871,45.643125746316763],[-119.87473778496954,45.639495892889968],[-119.87476642236248,45.635866038582172],[-119.87479508311161,45.632236209192577],[-119.8748211594077,45.62861119917612],[-119.87484723570375,45.624986164539159],[-119.87484814030725,45.624860465846872],[-119.87487331199982,45.621361154327388],[-119.87489938829589,45.617736121466557],[-119.87487109855095,45.614107921054135],[-119.87484283216222,45.61047972091756],[-119.8748145424173,45.606851520473313],[-119.87478625267239,45.603223320394726],[-119.86781926068856,45.603240736889759]]]},"properties":{"PLSSID":"OR330020N0240E0","TWNSHPLAB":"T02N R24E","STATEABBR":"OR","PRINMER":"Willamette Meridian"}},{"type":"Feature","geometry":{"type":"Polygon","coordinates":[[[-119.70051944223552,45.690352970671654],[-119.70570437252836,45.690361050430148],[-119.71083707836387,45.690397137619392],[-119.71596975994485,45.690433226040398],[-119.72110244332249,45.690469291847918],[-119.72623512580178,45.69050537896733],[-119.73141332681486,45.690424540750385],[-119.73659150447173,45.690343701161609],[-119.74180854145116,45.690300323574107],[-119.74908950630488,45.690239321804263],[-119.74908943533798,45.686629934614118],[-119.7490893652694,45.683020523503735],[-119.74908927184462,45.679411182029348],[-119.74908917662319,45.675801841833064],[-119.74908922333556,45.672192291421368],[-119.74908926914965,45.668582740466448],[-119.74908931496373,45.664973190268093],[-119.74908933742162,45.661363617013158],[-119.74908945330429,45.65775394979218],[-119.74908956828865,45.654144259585323],[-119.74908966081513,45.650534569038676],[-119.74908977669777,45.646924856216792],[-119.74908984586806,45.643315235461699],[-119.74908991414003,45.63970559252607],[-119.74908998420861,45.636095948177754],[-119.74909005337889,45.632486304973369],[-119.74909009919297,45.628876777916993],[-119.74909012165087,45.625267227607196],[-119.74909012434581,45.624861443387907],[-119.74909014860032,45.621662446569943],[-119.74909018992282,45.618057695753976],[-119.7491029486948,45.614429984902308],[-119.74911568321227,45.610802273757436],[-119.74912844198424,45.607174539111931],[-119.74914117740003,45.60354680488836],[-119.74179906781818,45.603541244738487],[-119.73664536386291,45.603538144453417],[-119.73149482287573,45.603533115995624],[-119.7263442818886,45.603528087537384],[-119.72120014409279,45.60352031074077],[-119.71605602965319,45.603512535200061],[-119.71091189185738,45.603504759029782],[-119.70576777741775,45.603497006112178],[-119.70061893694144,45.603488578835339],[-119.69547011892298,45.603480173553955],[-119.69032130090454,45.603471768899851],[-119.68517248288612,45.603463341619182],[-119.68003023155239,45.603456821772724],[-119.67488800267658,45.603450280557212],[-119.66974577380076,45.603443738083968],[-119.66460353055186,45.603437207551082],[-119.65944238764773,45.603443971878391],[-119.65428122947223,45.603450724263801],[-119.64912007219502,45.603457477276883],[-119.64395891401955,45.603464229660673],[-119.63880103918639,45.603468212334896],[-119.63364314099708,45.603472193751898],[-119.62848526616393,45.603476151914869],[-119.62614919367434,45.603477955650526],[-119.62332736887291,45.603480134588246],[-119.62331942956244,45.607108066682223],[-119.62331146689576,45.61073599917335],[-119.62330350602571,45.614363932645048],[-119.62329554335905,45.617991863910554],[-119.62327992165625,45.621615058865295],[-119.62326594746368,45.624860576417063],[-119.62326432241132,45.625238228892442],[-119.62324872406475,45.628861423579586],[-119.62323312481982,45.632484617750983],[-119.62322970134031,45.633391074738611],[-119.62322627875905,45.634297554124984],[-119.62322285617782,45.635204010683481],[-119.6232194344949,45.636110467026498],[-119.62321601730358,45.637016923153396],[-119.62321260101055,45.63792340293103],[-119.6232091838192,45.638829859251295],[-119.62320576752617,45.639736315353353],[-119.62320235033485,45.640642771236472],[-119.62319893134685,45.641549251394082],[-119.62319551415551,45.642455707464983],[-119.62319210145574,45.64336216331489],[-119.62318867977282,45.64426862082717],[-119.62318526527643,45.645175076860966],[-119.62318184988173,45.646081532671694],[-119.62317843538536,45.646987989514592],[-119.62317521043349,45.647894864996708],[-119.62317198548162,45.648801739612026],[-119.62316876142805,45.649708615871845],[-119.62316553737446,45.650615468029315],[-119.62316231242262,45.651522365786342],[-119.62315908747075,45.652429218090077],[-119.62315586431551,45.653336094013326],[-119.62315263846531,45.654242946460855],[-119.62314941800503,45.655149821269958],[-119.62314620113798,45.656056697090435],[-119.6231429797794,45.65696354943433],[-119.62313975752248,45.657870424764376],[-119.62313653616386,45.65877729922012],[-119.62313331300862,45.65968415145403],[-119.62313008895508,45.660591027926579],[-119.62312686669813,45.661497879665177],[-119.62312378727336,45.662405057621122],[-119.62312070874685,45.663312258546206],[-119.62311762932208,45.664219436609407],[-119.62311454989728,45.665126615039178],[-119.62311147137079,45.666033817062683],[-119.62310839284432,45.66694099496771],[-119.6231053125212,45.667848195836527],[-119.62310223399474,45.668755373841684],[-119.62309915546827,45.669662552209992],[-119.62309607604347,45.670569753538793],[-119.62309299751698,45.671476931375295],[-119.6230899189905,45.672384133425616],[-119.6230868395657,45.673291311355229],[-119.62308376103924,45.674198489644404],[-119.62308068161445,45.675105690888735],[-119.62307760218965,45.676012868639106],[-119.62307475632683,45.676914901849969],[-119.62307191046399,45.677816933700967],[-119.62306906370286,45.678718966701936],[-119.62306621784006,45.679620998969348],[-119.62306337107891,45.680523031757687],[-119.62306052521609,45.681425063811126],[-119.62305767845494,45.682327097011665],[-119.62305483259215,45.683229129475926],[-119.62305269729671,45.684131185051029],[-119.62305056110296,45.685033241142818],[-119.62304842490921,45.685935273275987],[-119.62304628871546,45.686837329144389],[-119.6230377439405,45.690445505673949],[-119.62432639248691,45.690447576438181],[-119.62561504103336,45.69044964657482],[-119.62614878404256,45.690450504373203],[-119.62690368868147,45.69045171733891],[-119.62819233632958,45.690453771160335],[-119.63334690536246,45.690462035390517],[-119.63850149685324,45.69047027702932],[-119.64365608924231,45.690478519294373],[-119.64884553536612,45.690443663948678],[-119.65403495993034,45.69040880858126],[-119.65919986587721,45.690415211011754],[-119.66436474846789,45.690421590223885],[-119.66952821172039,45.690427852719381],[-119.67469169743079,45.690434115214217],[-119.67985010765982,45.690410901937028],[-119.68500851788889,45.69038771124044],[-119.69017151581409,45.690366290098957],[-119.69533451284096,45.690344892166991],[-119.70051944223552,45.690352970671654]]]},"properties":{"PLSSID":"OR330020N0250E0","TWNSHPLAB":"T02N R25E","STATEABBR":"OR","PRINMER":"Willamette Meridian"}},{"type":"Feature","geometry":{"type":"Polygon","coordinates":[[[-119.60644692873969,45.690269278335805],[-119.61169579302961,45.690330162729452],[-119.61693958363486,45.690382968557607],[-119.6230377439405,45.690445505673949],[-119.62304628871546,45.686837329144389],[-119.62304842490921,45.685935273275987],[-119.62305056110296,45.685033241142818],[-119.62305269729671,45.684131185051029],[-119.62305483259215,45.683229129475926],[-119.62305767845494,45.682327097011665],[-119.62306052521609,45.681425063811126],[-119.62306337107891,45.680523031757687],[-119.62306621784006,45.679620998969348],[-119.62306906370286,45.678718966701936],[-119.62307191046399,45.677816933700967],[-119.62307475632683,45.676914901849969],[-119.62307760218965,45.676012868639106],[-119.62308068161445,45.675105690888735],[-119.62308376103924,45.674198489644404],[-119.6230868395657,45.673291311355229],[-119.6230899189905,45.672384133425616],[-119.62309299751698,45.671476931375295],[-119.62309607604347,45.670569753538793],[-119.62309915546827,45.669662552209992],[-119.62310223399474,45.668755373841684],[-119.6231053125212,45.667848195836527],[-119.62310839284432,45.66694099496771],[-119.62311147137079,45.666033817062683],[-119.62311454989728,45.665126615039178],[-119.62311762932208,45.664219436609407],[-119.62312070874685,45.663312258546206],[-119.62312378727336,45.662405057621122],[-119.62312686669813,45.661497879665177],[-119.62313008895508,45.660591027926579],[-119.62313331300862,45.65968415145403],[-119.62313653616386,45.65877729922012],[-119.62313975752248,45.657870424764376],[-119.6231429797794,45.65696354943433],[-119.62314620113798,45.656056697090435],[-119.62314941800503,45.655149821269958],[-119.62315263846531,45.654242946460855],[-119.62315586431551,45.653336094013326],[-119.62315908747075,45.652429218090077],[-119.62316231242262,45.651522365786342],[-119.62316553737446,45.650615468029315],[-119.62316876142805,45.649708615871845],[-119.62317198548162,45.648801739612026],[-119.62317521043349,45.647894864996708],[-119.62317843538536,45.646987989514592],[-119.62318184988173,45.646081532671694],[-119.62318526527643,45.645175076860966],[-119.62318867977282,45.64426862082717],[-119.62319210145574,45.64336216331489],[-119.62319551415551,45.642455707464983],[-119.62319893134685,45.641549251394082],[-119.62320235033485,45.640642771236472],[-119.62320576752617,45.639736315353353],[-119.6232091838192,45.638829859251295],[-119.62321260101055,45.63792340293103],[-119.62321601730358,45.637016923153396],[-119.6232194344949,45.636110467026498],[-119.62322285617782,45.635204010683481],[-119.62322627875905,45.634297554124984],[-119.62322970134031,45.633391074738611],[-119.62323312481982,45.632484617750983],[-119.62324872406475,45.628861423579586],[-119.62326432241132,45.625238228892442],[-119.62326594746368,45.624860576417063],[-119.62327992165625,45.621615058865295],[-119.62329554335905,45.617991863910554],[-119.62330350602571,45.614363932645048],[-119.62331146689576,45.61073599917335],[-119.62331942956244,45.607108066682223],[-119.62332736887291,45.603480134588246],[-119.61681074007026,45.603470705512713],[-119.61165815092427,45.603461904915065],[-119.60650977487695,45.603458087530505],[-119.60136139972794,45.603454268888747],[-119.59620350153862,45.603449729380579],[-119.59104562670548,45.603445213125809],[-119.58588772851614,45.603440696242181],[-119.58072985458132,45.603436203868895],[-119.57556402067478,45.60342032658194],[-119.57039820114127,45.603404446776636],[-119.56523238789596,45.603388591477554],[-119.56006657285403,45.603372712920191],[-119.55490422800403,45.603356089608738],[-119.54974190561194,45.603339442410139],[-119.54457956076195,45.603322841714146],[-119.53941723926818,45.603306218387907],[-119.53425899073588,45.603292109610905],[-119.5291007673564,45.603278012142979],[-119.52394251972241,45.603263914671508],[-119.5187842684952,45.603249810283224],[-119.51362951800263,45.603235044728301],[-119.50847478547634,45.603220307451188],[-119.50332007810289,45.603205523033985],[-119.5011468755642,45.603199289745589],[-119.49816532222043,45.60319073861293],[-119.49816741888831,45.606809672537047],[-119.49816953801407,45.610428582888311],[-119.49817165713981,45.614047492876175],[-119.49817377716387,45.617666403084371],[-119.49817529172346,45.621284707806581],[-119.49817680897796,45.624859314911667],[-119.49817682874091,45.624903012738116],[-119.49817834330047,45.628521293962798],[-119.49817985696173,45.632139575310688],[-119.49817373494305,45.635756763184347],[-119.49816761112776,45.639373950605155],[-119.49816148910911,45.64299116076586],[-119.49815536619212,45.64660834840187],[-119.49816176938349,45.650217363239115],[-119.49816817347316,45.653826377871887],[-119.49817457666448,45.657435392883755],[-119.49818100411035,45.66104440823041],[-119.49815436816385,45.664666228344927],[-119.49812775737018,45.668288025707923],[-119.49810114477988,45.671909800279082],[-119.49807453398624,45.675531597210345],[-119.49804838762159,45.67915872621063],[-119.49802224125692,45.682785856074318],[-119.4980091797527,45.686409351989042],[-119.49799614160465,45.690032849147933],[-119.50114617936984,45.690037685986781],[-119.5031667770064,45.690040789018198],[-119.50833741061153,45.690048704414551],[-119.51350541305113,45.690070333382955],[-119.51867341638912,45.690091940380242],[-119.52384491147858,45.690115455621154],[-119.52901642992425,45.690138947006893],[-119.53418794926826,45.690162462855497],[-119.53935946771392,45.690185978066744],[-119.54452577054104,45.690189726794891],[-119.5496920742665,45.690193496858001],[-119.55485835463575,45.690197245585644],[-119.5600246574629,45.690200994312974],[-119.56519156665281,45.690205137742026],[-119.57035847494446,45.690209305016012],[-119.57552540749062,45.690213448444446],[-119.58069233913842,45.69021761571782],[-119.58581645348657,45.690214611214778],[-119.59094056783468,45.69021160796661],[-119.59606931569304,45.690210000293774],[-119.6011980869076,45.690208393875878],[-119.60644692873969,45.690269278335805]]]},"properties":{"PLSSID":"OR330020N0260E0","TWNSHPLAB":"T02N R26E","STATEABBR":"OR","PRINMER":"Willamette Meridian"}},{"type":"Feature","geometry":{"type":"Polygon","coordinates":[[[-119.41902854179479,45.690164244349276],[-119.42415817539205,45.690176722961702],[-119.42935227748394,45.690155418455838],[-119.43454640472869,45.69013413778714],[-119.4397701009193,45.690115161319902],[-119.44499377375377,45.690096184846183],[-119.45021746904605,45.69007718514829],[-119.45544116523672,45.690058185443888],[-119.46060032106743,45.690006100944714],[-119.46575950025438,45.689954016397039],[-119.47084130934249,45.689999092293348],[-119.47592311753232,45.690044167525855],[-119.48107975897858,45.690018439030389],[-119.48623639952652,45.689992710523057],[-119.49144091039761,45.690010497901916],[-119.49799614160465,45.690032849147933],[-119.4980091797527,45.686409351989042],[-119.49802224125692,45.682785856074318],[-119.49804838762159,45.67915872621063],[-119.49807453398624,45.675531597210345],[-119.49810114477988,45.671909800279082],[-119.49812775737018,45.668288025707923],[-119.49815436816385,45.664666228344927],[-119.49818100411035,45.66104440823041],[-119.49817457666448,45.657435392883755],[-119.49816817347316,45.653826377871887],[-119.49816176938349,45.650217363239115],[-119.49815536619212,45.64660834840187],[-119.49816148910911,45.64299116076586],[-119.49816761112776,45.639373950605155],[-119.49817373494305,45.635756763184347],[-119.49817985696173,45.632139575310688],[-119.49817834330047,45.628521293962798],[-119.49817682874091,45.624903012738116],[-119.49817680897796,45.624859314911667],[-119.49817529172346,45.621284707806581],[-119.49817377716387,45.617666403084371],[-119.49817165713981,45.614047492876175],[-119.49816953801407,45.610428582888311],[-119.49816741888831,45.606809672537047],[-119.49816532222043,45.60319073861293],[-119.49106983072679,45.603151949914775],[-119.48603754486194,45.603124452521428],[-119.48100528235331,45.603096933117634],[-119.47597301894636,45.603069412443404],[-119.47081053395917,45.60305544313028],[-119.46564804897201,45.603041497696061],[-119.46048558734103,45.603027505122093],[-119.45532310235386,45.603013535798532],[-119.45015589132997,45.603007854926695],[-119.44498865694987,45.603002197936718],[-119.43982144592601,45.602996493809826],[-119.43465423400382,45.602990813564794],[-119.42948702297993,45.602985155944609],[-119.42431978859986,45.602979475698383],[-119.41915257667767,45.602973795451639],[-119.41398536565377,45.602968137829734],[-119.40881813037537,45.602962434327871],[-119.40365091935148,45.602956754079344],[-119.39848370742931,45.602951096455769],[-119.39331649640542,45.602945415577601],[-119.38814928448322,45.602939735327411],[-119.38298207435764,45.602934077702074],[-119.37781483907926,45.602928397450675],[-119.37614314620073,45.602926551588858],[-119.37264762715705,45.602922692687827],[-119.37263730281948,45.606543379039678],[-119.37262693087121,45.610164052278648],[-119.37261659305894,45.613784721788022],[-119.37260623278877,45.617405366160973],[-119.37259590755289,45.621026034363751],[-119.37258555985912,45.624646678600698],[-119.37258495708959,45.624857721695648],[-119.37257521036874,45.628267334639268],[-119.37256483931878,45.631887991753779],[-119.37255451228627,45.635508666230542],[-119.37254419513523,45.639118973349007],[-119.37254416549084,45.639129304634608],[-119.37253381779706,45.642749932678008],[-119.37252346830668,45.646370593649941],[-119.37252446992824,45.650020400882141],[-119.37252549490597,45.653670231510198],[-119.3725265432399,45.657320061624361],[-119.37252756911596,45.660969891806886],[-119.37252860487348,45.66461969815569],[-119.37252961996978,45.668269528338804],[-119.37253065572727,45.671919323928549],[-119.37253164567073,45.675569142003923],[-119.37253271736087,45.679218949250235],[-119.37253371988071,45.682868779513612],[-119.37253474575677,45.68651856245824],[-119.37253576983619,45.690168370210827],[-119.376142403294,45.690166921296147],[-119.37770077010617,45.690166296298699],[-119.38286579283402,45.690164248114336],[-119.38803079130734,45.690162174202072],[-119.39319579157733,45.690160124762507],[-119.39837157163068,45.690158029514841],[-119.40354737414194,45.690155956857339],[-119.40872315329702,45.690153884199759],[-119.41389893335038,45.69015178769682],[-119.41902854179479,45.690164244349276]]]},"properties":{"PLSSID":"OR330020N0270E0","TWNSHPLAB":"T02N R27E","STATEABBR":"OR","PRINMER":"Willamette Meridian"}},{"type":"Feature","geometry":{"type":"Polygon","coordinates":[[[-119.24854000232381,45.605586102754614],[-119.24851881555783,45.609231438972458],[-119.24849762879187,45.612876799067855],[-119.24847644202588,45.616522088112269],[-119.24845523190372,45.620167424821247],[-119.24843406759561,45.623812737519266],[-119.2484280012725,45.624855493957426],[-119.24841285837175,45.627458075165841],[-119.24839164824959,45.63110338808513],[-119.2483933954728,45.634733846739131],[-119.24839509598364,45.638364444556466],[-119.24839681985067,45.641994903867989],[-119.24839856617557,45.645625478370427],[-119.24840026578811,45.649255937532637],[-119.24840198965514,45.652886558875089],[-119.24840371352218,45.656516971241238],[-119.24840543738921,45.660147546310313],[-119.24840716125622,45.66377798140438],[-119.24840888512325,45.667408579714944],[-119.2484106089903,45.671039015377431],[-119.24841235531517,45.674669590293021],[-119.248414055826,45.678300025717085],[-119.24841577969306,45.681930600913574],[-119.24841750356008,45.685560988851826],[-119.24841922742711,45.689191587369891],[-119.25113862452319,45.689225613917031],[-119.25361253900157,45.689256569999621],[-119.25880571133717,45.689321669272019],[-119.26399895284305,45.689386722032452],[-119.2691921709927,45.689451774089704],[-119.27438539004071,45.689516849916842],[-119.27957863154658,45.689581902450279],[-119.28477187395075,45.689646977498548],[-119.28996511545662,45.689712030508161],[-119.29515232657199,45.689740690881827],[-119.30033958529806,45.68976937508625],[-119.30552682066796,45.689798035430535],[-119.31071405513953,45.689826697015185],[-119.31590126625487,45.689855357330103],[-119.32108852408267,45.689884042103245],[-119.32627578280874,45.689912702388774],[-119.33146304063648,45.689941363914656],[-119.33665027600637,45.689970048643694],[-119.34183755629201,45.689998708885149],[-119.34702479166191,45.69002736973944],[-119.35221204948965,45.690056031206574],[-119.35739933157195,45.690084715249277],[-119.36258656604352,45.6901133760595],[-119.36777384722745,45.690142037482552],[-119.37253576983619,45.690168370210827],[-119.37253474575677,45.68651856245824],[-119.37253371988071,45.682868779513612],[-119.37253271736087,45.679218949250235],[-119.37253164567073,45.675569142003923],[-119.37253065572727,45.671919323928549],[-119.37252961996978,45.668269528338804],[-119.37252860487348,45.66461969815569],[-119.37252756911596,45.660969891806886],[-119.3725265432399,45.657320061624361],[-119.37252549490597,45.653670231510198],[-119.37252446992824,45.650020400882141],[-119.37252346830668,45.646370593649941],[-119.37253381779706,45.642749932678008],[-119.37254416549084,45.639129304634608],[-119.37254419513523,45.639118973349007],[-119.37255451228627,45.635508666230542],[-119.37256483931878,45.631887991753779],[-119.37257521036874,45.628267334639268],[-119.37258495708959,45.624857721695648],[-119.37258555985912,45.624646678600698],[-119.37259590755289,45.621026034363751],[-119.37260623278877,45.617405366160973],[-119.37261659305894,45.613784721788022],[-119.37262693087121,45.610164052278648],[-119.37263730281948,45.606543379039678],[-119.37264762715705,45.602922692687827],[-119.36766342092285,45.602883252692855],[-119.3624850330602,45.602842274763923],[-119.35730664609585,45.602801344570082],[-119.35212830584393,45.602760318816237],[-119.34694990630321,45.602719376621316],[-119.34177155437314,45.602678364005811],[-119.33659317908693,45.60263740980978],[-119.33141482715688,45.602596385193102],[-119.32623645097233,45.602555442250051],[-119.3210580990423,45.60251440688905],[-119.31587974621395,45.602473487768798],[-119.3107013942839,45.602432451090898],[-119.30552305313367,45.602391531910925],[-119.30034468952552,45.602350496430034],[-119.29516634837526,45.602309553936045],[-119.28998798476714,45.602268517138199],[-119.2848096561933,45.602227574584383],[-119.27963130426326,45.602186562237861],[-119.27445296311301,45.602145619624224],[-119.26927462196278,45.602104605960797],[-119.2640963041687,45.602063663915871],[-119.25891798727295,45.602022628195172],[-119.2537396461227,45.601981698031814],[-119.25113939707433,45.60196114432096],[-119.24856121244598,45.601940765324613],[-119.24854000232381,45.605586102754614]]]},"properties":{"PLSSID":"OR330020N0280E0","TWNSHPLAB":"T02N R28E","STATEABBR":"OR","PRINMER":"Willamette Meridian"}}]}