well_number,wl_id,latitude,longitude
MORR_0000535,304374,45.65953643,-119.58842904
MORR_0000600,222908,45.753715,-119.549874
MORR_0000649,309731,45.83045622,-119.80394396
MORR_0000834,223054,45.82254164,-119.72370701
MORR_0000871,223081,45.81529251,-119.70829297
MORR_0001107,223223,45.89563742,-119.51295421
MORR_0001471,223430,45.829397,-119.674247
MORR_0001578,223503,45.82625802,-119.65673018
MORR_0050635,223974,45.84698332,-119.70267649
MORR_0050661,224062,45.80840512,-119.5626631
MORR_0051158,335490,45.86591036,-119.26338123
MORR_0051375,383129,45.90246496,-119.52910436
MORR_0051379,384372,45.822554,-119.68770619
MORR_0051420,390553,45.78298093,-119.43751516
MORR_0051422,390954,45.8736487,-119.56129519
MORR_0051427,392646,45.86051778,-119.65866563
MORR_0051515,401786,45.86070938,-119.65841584
MORR_0051529,407344,45.90288933,-119.51771614
MORR_0051531,408307,45.82096612,-119.66502539
MORR_0051538,409223,45.82448,-119.59457
MORR_0051543,409812,45.90336764,-119.52336662
MORR_0051544,410071,45.82990855,-119.6412346
MORR_0051545,410086,45.86010525,-119.65922526
MORR_0051677,420581,45.84069837,-119.70305574
MORR_0051678,420583,45.84069837,-119.70305574
MORR_0051682,421898,45.85163387,-119.67783276
MORR_0051683,421899,45.85163387,-119.67783276
MORR_0051684,421900,45.85163387,-119.67783276
MORR_0051685,423044,45.84434937,-119.68799457
MORR_0051686,423048,45.840975,-119.702031
MORR_0051687,423050,45.840975,-119.702031
MORR_0051688,423052,45.840975,-119.702031
MORR_0051689,423054,45.840975,-119.702031
MORR_0051718,427510,45.82632844,-119.63096583
MORR_0051735,430058,45.82262782,-119.66190758
MORR_0051741,433111,45.89312235,-119.51015997
MORR_0051742,433113,45.82513178,-119.6488709
MORR_0051743,433114,45.81371812,-119.7673873
MORR_0051744,433125,45.6956864,-119.8136591
MORR_0051745,433126,45.6956864,-119.8136591
MORR_0051746,433127,45.6956864,-119.8136591
MORR_0051747,433129,45.6956864,-119.8136591
MORR_0051748,433290,45.88843762,-119.48670442
MORR_0051818,433941,45.88885641,-119.50773075
MORR_0051830,436589,45.89775343,-119.49633023
MORR_0051843,437237,45.88881763,-119.50397438
MORR_0051844,437418,45.832895,-119.769653
MORR_0051845,437439,45.83270551,-119.76948905
MORR_0051858,438823,45.83962487,-119.70221389
MORR_0051861,439854,45.8987536,-119.50764957
MORR_0051868,441905,45.904563,-119.535392
MORR_0051870,442182,45.89495459,-119.52011927
MORR_0051876,444653,45.89926349,-119.46584125
MORR_0051877,445084,45.87107607,-119.49759198
MORR_0051878,445085,45.832895,-119.769653
MORR_0051879,445293,45.90243677,-119.53451772
MORR_0051884,447923,45.90243677,-119.53451772
MORR_0051885,447931,45.7407,-119.446727
MORR_0051886,448073,45.78942,-119.48728
MORR_0051887,448076,45.79177,-119.48743
MORR_0051889,448266,45.81940249,-119.72057753
MORR_0051895,449828,45.88843762,-119.48670442
MORR_0051913,453612,45.84069837,-119.70305574
MORR_0051914,453613,45.84069837,-119.70305574
MORR_0051915,453615,45.84069837,-119.70305574
MORR_0051916,453616,45.84069837,-119.70305574
MORR_0051917,453617,45.84069837,-119.70305574
MORR_0051918,453619,45.84069837,-119.70305574
MORR_0051919,453710,45.82993329,-119.73403673
MORR_0051933,455254,45.758449,-119.54401
MORR_0051934,455401,45.82297268,-119.65234156
MORR_0051935,455832,45.82019,-119.66435
MORR_0051936,455836,45.8065,-119.65121
MORR_0051945,458435,45.84069837,-119.70305574
MORR_0051946,458436,45.84069837,-119.70305574
MORR_0051947,458437,45.84069837,-119.70305574
MORR_0051954,459303,45.65580039,-119.55226424
MORR_0051955,459304,45.65580039,-119.55226424
MORR_0051956,459305,45.65942792,-119.55744342
MORR_0051957,459306,45.65944171,-119.56260812
MORR_0051958,459307,45.65944171,-119.56260812
MORR_0051959,459308,45.65552568,-119.44230052
MORR_0051960,459309,45.65552568,-119.44230052
MORR_0051961,459310,45.65552568,-119.44230052
MORR_0051962,459311,45.65553143,-119.4371405
MORR_0051963,459312,45.65553143,-119.4371405
MORR_0051964,459313,45.72085372,-119.48874546
MORR_0051965,459314,45.72085372,-119.48874546
MORR_0051966,459315,45.72447614,-119.4887746
MORR_0051967,459316,45.72447614,-119.4887746
MORR_0051968,459317,45.72447614,-119.4887746
MORR_0051969,459318,45.70659517,-119.41645759
MORR_0051970,459319,45.70659517,-119.41645759
MORR_0051980,461594,45.9082,-119.54597
MORR_0051982,461746,45.88771,-119.51126
MORR_0051983,461747,45.89515,-119.52616
MORR_0051986,462193,45.89301,-119.524
MORR_0051997,464082,45.87123,-119.532
MORR_0051999,464746,45.71737069,-119.45771415
MORR_0052000,464747,45.71737069,-119.45771415
MORR_0052001,464748,45.71010486,-119.45774027
MORR_0052002,464749,45.70646686,-119.45775257
MORR_0052003,464750,45.70646686,-119.45775257
MORR_0052011,466112,45.8336557,-119.65301958
MORR_0052012,466204,45.84070113,-119.69301833
MORR_0052013,466205,45.83724566,-119.6259015
MORR_0052014,466206,45.83724566,-119.6259015
MORR_0052015,466207,45.83724566,-119.6259015
MORR_0052016,466208,45.83724566,-119.6259015
MORR_0052023,468558,45.82639,-119.50851
MORR_0052028,469994,45.89841,-119.51012
MORR_0052038,471924,45.62982,-119.85299
MORR_0052039,471926,45.62982,-119.85297
MORR_0052040,472200,45.84800896,-119.67778269
MORR_0052041,472201,45.84800896,-119.67778269
MORR_0052042,472202,45.84800896,-119.67778269
MORR_0052043,472203,45.84800896,-119.67778269
MORR_0052044,472204,45.84800896,-119.67778269
MORR_0052047,472475,45.84800896,-119.67778269
MORR_0052048,472476,45.84800896,-119.67778269
MORR_0052049,472477,45.84800896,-119.67778269
MORR_0052050,472478,45.84800896,-119.67778269
MORR_0052051,472479,45.84800896,-119.67778269
MORR_0052053,472746,45.84805103,-119.65183082
MORR_0052054,472747,45.84805103,-119.65183082
MORR_0052055,472748,45.85530607,-119.65185129
MORR_0052056,472749,45.84435918,-119.68284405
MORR_0052057,472750,45.84438009,-119.67768418
MORR_0052058,472751,45.84441559,-119.64654614
MORR_0052059,472752,45.84441559,-119.64654614
MORR_0052060,472753,45.84805103,-119.65183082
MORR_0052061,472754,45.84804565,-119.65707793
MORR_0052062,472755,45.84804565,-119.65707793
MORR_0052063,472756,45.84804565,-119.65707793
MORR_0052064,472757,45.84804565,-119.65707793
MORR_0052065,472758,45.84804565,-119.65707793
MORR_0052067,473137,45.84078366,-119.66205803
MORR_0052068,473333,45.81795441,-119.70891503
MORR_0052069,473334,45.83001,-119.74984
MORR_0052108,475006,45.9052,-119.44063
MORR_0052112,475574,45.71383987,-119.77765151
MORR_0052113,475575,45.71383987,-119.77765151
MORR_0052114,475576,45.71383987,-119.77765151
MORR_0052115,475577,45.71383987,-119.77765151
MORR_0052116,475578,45.71383987,-119.77765151
MORR_0052117,475579,45.71383987,-119.77765151
MORR_0052118,475580,45.71383987,-119.77765151
MORR_0052119,475581,45.71383987,-119.77765151
MORR_0052120,475582,45.71383987,-119.77765151
MORR_0052121,475583,45.71383987,-119.77765151
MORR_0052122,475584,45.71383987,-119.77765151
MORR_0052123,475585,45.71383987,-119.77765151
MORR_0052124,475586,45.71383987,-119.77765151
MORR_0052125,475587,45.71383987,-119.77765151
MORR_0052126,475588,45.71383987,-119.77765151
MORR_0052127,475589,45.71383987,-119.77765151
MORR_0052128,475590,45.71383987,-119.77765151
MORR_0052129,475591,45.71383987,-119.77765151
MORR_0052139,476546,45.88718,-119.5106
MORR_0052141,477185,45.89433,-119.52612
MORR_0052142,477217,45.90540999,-119.44100614
MORR_0052144,478187,45.71379144,-119.85507989
MORR_0052145,478188,45.71017213,-119.85507885
MORR_0052146,478189,45.71014227,-119.86549581
MORR_0052147,478190,45.71015301,-119.86033222
MORR_0052148,478191,45.71015301,-119.86033222
MORR_0052149,478836,45.84803672,-119.67263427
MORR_0052150,478837,45.84803672,-119.67263427
MORR_0052151,478838,45.84803672,-119.67263427
MORR_0052152,478839,45.84803672,-119.67263427
MORR_0052153,478840,45.84803672,-119.67263427
MORR_0052154,478841,45.84803672,-119.67263427
MORR_0052155,478842,45.84803672,-119.67263427
MORR_0052156,478843,45.84803672,-119.67263427
MORR_0052157,478844,45.84803672,-119.67263427
MORR_0052158,478845,45.84803672,-119.67263427
MORR_0052159,478846,45.84803672,-119.67263427
MORR_0052160,479025,45.80470647,-119.47353953
MORR_0052161,479026,45.80470647,-119.47353953
MORR_0052162,479027,45.80470647,-119.47353953
MORR_0052163,479028,45.80470647,-119.47353953
MORR_0052164,479029,45.80470647,-119.47353953
MORR_0052165,479030,45.80470647,-119.47353953
MORR_0052166,479031,45.80470647,-119.47353953
MORR_0052167,479032,45.80470647,-119.47353953
MORR_0052168,479033,45.80470647,-119.47353953
MORR_0052169,479034,45.80470647,-119.47353953
MORR_0052170,479035,45.80470647,-119.47353953
MORR_0052171,479036,45.80470647,-119.47353953
MORR_0052172,479037,45.80470647,-119.47353953
MORR_0052173,479080,45.70659796,-119.81375705
MORR_0052182,479979,45.84442997,-119.66217893
MORR_0052183,479980,45.84442997,-119.66217893
MORR_0052184,479981,45.84442997,-119.66217893
MORR_0052185,479982,45.84442997,-119.66217893
MORR_0052186,480093,45.84782328,-119.69812351
MORR_0052187,480094,45.84796806,-119.69325664
MORR_0052188,480095,45.84782328,-119.69812351
MORR_0052189,480096,45.84782328,-119.69812351
MORR_0052190,480147,45.9044,-119.53214
MORR_0052191,480893,45.6956864,-119.8136591
MORR_0052192,480894,45.6956864,-119.8136591
MORR_0052193,480895,45.6956864,-119.8136591
MORR_0052195,481929,45.82015,-119.72076
MORR_0052196,482217,45.84798128,-119.68293178
MORR_0052197,482259,45.692392,-119.808796
MORR_0052198,482260,45.69231,-119.808836
MORR_0052199,482261,45.692328,-119.808866
MORR_0052202,484475,45.88456,-119.508
MORR_0052203,484632,45.70659796,-119.81375705
MORR_0052204,484633,45.70659796,-119.81375705
MORR_0052205,484634,45.70659796,-119.81375705
MORR_0052206,484635,45.70659796,-119.81375705
MORR_0052207,484636,45.70659796,-119.81375705
MORR_0052208,484637,45.70659796,-119.81375705
MORR_0052209,484638,45.70659796,-119.81375705
MORR_0052210,484671,45.81672871,-119.71594633
MORR_0052211,484853,45.82263294,-119.65159165
MORR_0052215,486820,45.85544358,-119.60486068
MORR_0052216,486821,45.85544358,-119.60486068
MORR_0052217,486822,45.85544358,-119.60486068
MORR_0052218,486823,45.85544358,-119.60486068
MORR_0052219,486824,45.85544358,-119.60486068
MORR_0052220,486825,45.85544358,-119.60486068
MORR_0052221,486826,45.85544358,-119.60486068
MORR_0052222,486827,45.85544358,-119.60486068
MORR_0052223,486828,45.85544358,-119.60486068
MORR_0052224,486829,45.85544358,-119.60486068
MORR_0052225,486830,45.85544358,-119.60486068
MORR_0052226,486831,45.85544358,-119.60486068
MORR_0052227,486832,45.85544358,-119.60486068
MORR_0052228,486833,45.85544358,-119.60486068
MORR_0052229,486834,45.85544358,-119.60486068
MORR_0052230,486835,45.85544358,-119.60486068
MORR_0052231,486836,45.85544358,-119.60486068
MORR_0052232,486837,45.85544358,-119.60486068
MORR_0052233,486838,45.85544358,-119.60486068
MORR_0052234,486839,45.85544358,-119.60486068
MORR_0052235,486986,45.81967,-119.71053
MORR_0052240,490905,45.90117,-119.53351
MORR_0052247,492206,45.82841,-119.77009
MORR_0052248,492276,45.8484,-119.62189
MORR_0052249,492277,45.83853,-119.60075
MORR_0052255,493987,45.89813296,-119.51604116
MORR_0052263,494627,45.7029671,-119.8137347
MORR_0052271,495305,45.89725,-119.50936
MORR_0052272,495912,45.82011,-119.71097
MORR_0052280,499910,45.82993,-119.65697
MORR_0052281,500106,45.82626512,-119.64640805
MORR_0052283,501100,45.82529,-119.79571
MORR_0052289,503447,45.82783,-119.65981
MORR_0052290,503736,45.83101,-119.65628
MORR_0052291,503738,45.8283,-119.65837
MORR_0052293,505701,45.74740506,-119.56663465
MORR_0052294,505786,45.748578,-119.5704
MORR_0052295,505787,45.748525,-119.570385
MORR_0052296,505788,45.748429,-119.570483
MORR_0052297,505789,45.748484,-119.570428
MORR_0052298,505790,45.748358,-119.570385
MORR_0052299,505791,45.748356,-119.568425
MORR_0052300,505792,45.748416,-119.568487
MORR_0052301,505795,45.748697,-119.569069
MORR_0052302,505796,45.748843,-119.569112
MORR_0052303,505797,45.748874,-119.560514
MORR_0052304,505798,45.748903,-119.56058
MORR_0052305,505799,45.748928,-119.560648
MORR_0052314,508291,45.733693,-119.57719
MORR_0052315,508293,45.7471,-119.56651
MORR_0052316,508391,45.890577,-119.507603
MORR_0052332,509915,45.670477,-119.782489
MORR_0052333,509916,45.671588,-119.796469
MORR_0052334,509917,45.67536,-119.7943
MORR_0052335,509918,45.677169,-119.795445
MORR_0052336,509919,45.69568814,-119.80850381
MORR_0052337,509920,45.694525,-119.808732
MORR_0052345,511019,45.69415,-119.46427
MORR_0052346,511020,45.69277,-119.48583
MORR_0052347,511021,45.731909,-119.518588
MORR_0052348,511022,45.73412,-119.46972
MORR_0052349,511023,45.74832,-119.46549
MORR_0052351,514482,45.732806,-119.559988
MORR_0052387,517114,45.7223,-119.8744
MORR_0052391,518756,45.865969,-119.536648
MORR_0052394,519442,45.7150553,-119.4552293
MORR_0052395,519443,45.73412,-119.46972
MORR_0052396,519444,45.7045544,-119.5064163
MORR_0052397,519445,45.7336136,-119.4992027
MORR_0052398,519446,45.69415,-119.46427
MORR_0052399,519452,45.69415,-119.46427
MORR_0052400,519453,45.733916,-119.4453225
MORR_0052401,520062,45.825697,-119.648833
MORR_0052402,520496,45.86256236,-119.64663166
MORR_0052403,520497,45.85892376,-119.64664263
MORR_0052404,520498,45.86257214,-119.64145476
MORR_0052405,520499,45.86981531,-119.62060079
MORR_0052406,520500,45.87710291,-119.60977457
MORR_0052408,522346,45.830052,-119.655124
MORR_0052410,523635,45.81683467,-119.79026757
MORR_0052440,526661,45.8223,-119.66346
MORR_0052441,526708,45.84065,-119.60189
MORR_0052442,527156,45.82939,-119.65689
MORR_0052443,527240,45.83081,-119.65571
MORR_0052444,529333,45.81889603,-119.70824347
MORR_0052445,529335,45.82985072,-119.68772253
MORR_0052446,529549,45.82609,-119.721668
MORR_0052447,530391,45.887726,-119.490435
MORR_0052450,531511,45.83045,-119.65788
MORR_0052452,532069,45.909231,-119.543593
MORR_0052453,533466,45.74567172,-119.52891612
MORR_0052454,533584,45.8307,-119.65772
MORR_0052455,533677,45.81847,-119.72074
MORR_0052457,534893,45.904373,-119.531273
MORR_0052458,535285,45.87176,-119.49974
MORR_0052461,538007,45.90279478,-119.43471224
MORR_0052463,538382,45.819054,-119.682972
MORR_0052464,538704,45.82879,-119.65742
MORR_0052465,538778,45.81557477,-119.76227295
MORR_0052467,538946,45.79583333,-119.53833333
MORR_0052473,542034,45.88469,-119.53443188
MORR_0052474,542186,45.90240658,-119.53993711
MORR_0052475,542879,45.88843066,-119.50239563
MORR_0052478,543320,45.80729989,-119.45759511
MORR_0052480,543810,45.864047,-119.620874
MORR_0052481,543811,45.859849,-119.658156
MORR_0052482,543812,45.820171,-119.663002
MORR_0052483,543813,45.8075,-119.674139
MORR_0052484,543814,45.806756,-119.652599
MORR_0052485,543827,45.84555556,-119.67002778
MORR_0052486,543829,45.806406,-119.674174
MORR_0052487,544821,45.81555631,-119.76751236
MORR_0052495,551904,45.827276,-119.666376
MORR_0052496,551934,45.85893614,-119.65702056
MORR_0052497,551935,45.85529914,-119.64665354
MORR_0052498,551936,45.85892926,-119.65183351
MORR_0052499,551937,45.85892376,-119.64664263
MORR_0052500,551938,45.85530607,-119.65185129
MORR_0052501,551939,45.85892926,-119.65183351
MORR_0052502,551940,45.85892926,-119.65183351
MORR_0052503,551943,45.89919569,-119.5291058
MORR_0052508,554938,45.89397013,-119.49639273
MORR_0052509,554939,45.87022563,-119.53435919
MORR_0052511,558333,45.82040949,-119.67503898
MORR_0052512,558553,45.85766667,-119.6317251
MORR_0052513,559406,45.8847495,-119.51819719
MORR_0052514,559783,45.86259306,-119.63627254
MORR_0052515,559784,45.86259306,-119.63627254
MORR_0052517,560582,45.83638,-119.618659
MORR_0052518,560583,45.836612,-119.618929
MORR_0052519,560584,45.83659,-119.618904
MORR_0052520,560585,45.836676,-119.618963
MORR_0052521,560586,45.836703,-119.61949
MORR_0052522,560587,45.836604,-119.61914
MORR_0052523,560588,45.836655,-119.619166
MORR_0052524,560589,45.836576,-119.619176
MORR_0052525,560590,45.83668,-119.618961
MORR_0052526,560591,45.836719,-119.61892
MORR_0052527,560592,45.836672,-119.61894
MORR_0052528,560593,45.836721,-119.619011
MORR_0052529,560594,45.836743,-119.619178
MORR_0052530,560668,45.884769,-119.51286547
MORR_0052531,560839,45.89193189,-119.53449784
MORR_0052532,561957,45.8597,-119.6571
MORR_0052533,561958,45.85893614,-119.65702056
MORR_0052534,561960,45.8588,-119.6531
MORR_0052535,561961,45.8586,-119.6531
MORR_0052536,562192,45.90249784,-119.51829166
MORR_0052537,562376,45.8189252,-119.71858634
MORR_0052552,562658,45.90602246,-119.53451692
MORR_0052553,563814,45.661188,-119.455944
MORR_0052554,564620,45.88831101,-119.53446486
MORR_0052555,564742,45.851114,-119.676439
MORR_0052556,564744,45.850666,-119.676916
MORR_0052557,565008,45.82987639,-119.65671302
MORR_0052558,565542,45.90612294,-119.51831192
MORR_0052559,565637,45.88116563,-119.50588083
MORR_0052562,566760,45.78471255,-119.73774323
MORR_0052565,567401,45.91002254,-119.4347276
MORR_0052566,567402,45.87752153,-119.51278992
MORR_0052567,569151,45.85175811,-119.62590469
MORR_0052568,569164,45.85175811,-119.62590469
MORR_0052569,569167,45.85175811,-119.62590469
MORR_0052570,569168,45.85175811,-119.62590469
MORR_0052571,569169,45.85175811,-119.62590469
MORR_0052572,569171,45.85175811,-119.62590469
MORR_0052573,569172,45.85175811,-119.62590469
MORR_0052574,569173,45.85175811,-119.62590469
MORR_0052575,569916,45.86356,-119.61367
MORR_0052576,569932,45.88408,-119.49733
MORR_0052577,570218,45.8563261,-119.6464715
MORR_0052578,570219,45.86437,-119.609
MORR_0052579,570220,45.8578803,-119.6138773
MORR_0052580,570221,45.85224,-119.639
MORR_0052581,570302,45.82625403,-119.66189784
MORR_0052583,570340,45.82985072,-119.68772253
MORR_0052585,570405,45.82987722,-119.6618895
MORR_0052586,571554,45.85552222,-119.6449
MORR_0052587,571555,45.85580833,-119.64423889
MORR_0052588,571556,45.85641667,-119.643425
MORR_0052589,571557,45.85585278,-119.64279167
MORR_0052590,571558,45.85538611,-119.64306944
MORR_0052591,571559,45.85484167,-119.64445833
MORR_0052592,571560,45.85500278,-119.64247222
MORR_0052593,571561,45.85498889,-119.64221667
MORR_0052594,571562,45.85503056,-119.64373333
MORR_0052595,571563,45.85476667,-119.64258056
MORR_0052597,571924,45.68482647,-119.59862187
MORR_0052598,572837,45.89561983,-119.45026457
MORR_0052600,573482,45.83011889,-119.76756078
MORR_0052603,576292,45.88279444,-119.49520278
MORR_0052604,578061,45.89193189,-119.53449784
MORR_0052605,578062,45.89191086,-119.53989777
MORR_0052607,578870,45.8374888,-119.6293928
MORR_0052608,578871,45.84488,-119.6329401
MORR_0052609,578872,45.8494809,-119.6512264
MORR_0052610,578873,45.8439089,-119.6493162
MORR_0052630,579903,45.8603,-119.61612
MORR_0052631,579904,45.85704,-119.60196
MORR_0052633,580081,45.86037222,-119.657775
MORR_0052634,580082,45.86037222,-119.657775
MORR_0052635,580083,45.85068611,-119.61196667
MORR_0052636,580084,45.85050833,-119.61195278
MORR_0052638,580309,45.815325,-119.812082
MORR_0052640,581324,45.846,-119.6166
MORR_0052641,581325,45.846,-119.6179
MORR_0052642,581326,45.8456,-119.6179
MORR_0052643,581327,45.8447,-119.6197
MORR_0052644,581328,45.8443,-119.6164
MORR_0052645,581329,45.8438,-119.6157
MORR_0052646,581330,45.8433,-119.616
MORR_0052647,581331,45.8441,-119.6144
MORR_0052648,581332,45.8448,-119.6153
MORR_0052649,581333,45.845,-119.6146
MORR_0052650,581334,45.846,-119.6157
MORR_0052651,581335,45.8464,-119.6159
MORR_0052652,581336,45.8467,-119.6143
MORR_0052653,581337,45.8472,-119.6155
MORR_0052654,581836,45.86323056,-119.61598889
MORR_0052655,581837,45.86196944,-119.6168
MORR_0052656,581838,45.86136111,-119.61922778
MORR_0052657,581839,45.863125,-119.61906667
MORR_0052658,581840,45.86120278,-119.62105
MORR_0052659,581841,45.86230556,-119.62114444
MORR_0052660,581842,45.863575,-119.62113611
MORR_0052661,581843,45.86120278,-119.62271944
MORR_0052662,581844,45.86222778,-119.62274722
MORR_0052663,581845,45.86381389,-119.62261389
MORR_0052664,581846,45.86381389,-119.62261389
MORR_0052665,581847,45.86229444,-119.62469167
MORR_0052666,581848,45.86375278,-119.62483611
MORR_0052667,581849,45.86116944,-119.62608611
MORR_0052668,581850,45.86260278,-119.62609722
MORR_0052669,581851,45.86378056,-119.62617222
MORR_0052672,592594,45.84984722,-119.69091944
MORR_0052676,592691,45.8576852,-119.6074563
MORR_0052677,592692,45.8589519,-119.6089781
MORR_0052678,592693,45.8589631,-119.6076061
MORR_0052679,592694,45.8576326,-119.6089526
MORR_0052681,593486,45.8488,-119.693255
MORR_0052682,593487,45.8488,-119.693255
MORR_0052683,593488,45.8488,-119.693255
MORR_0052684,593489,45.8488,-119.693255
MORR_0052685,593490,45.8488,-119.693255
MORR_0052686,593491,45.8488,-119.693255
MORR_0052687,593492,45.8488,-119.693255
MORR_0052688,593493,45.8488,-119.693255
MORR_0052689,593494,45.8488,-119.693255
MORR_0052690,593495,45.8488,-119.693255
MORR_0052691,593496,45.8488,-119.693255
MORR_0052692,593497,45.8488,-119.693255
MORR_0052693,593498,45.8488,-119.693255
MORR_0052694,593500,45.8488,-119.693255
MORR_0052695,593501,45.8488,-119.693255
MORR_0052696,593502,45.8488,-119.693255
MORR_0052697,593503,45.8488,-119.693255
MORR_0052698,593504,45.8488,-119.693255
MORR_0052699,593505,45.8488,-119.693255
MORR_0052700,593506,45.8488,-119.693255
MORR_0052701,593507,45.8488,-119.693255
MORR_0052702,593508,45.8488,-119.693255
MORR_0052703,593509,45.8488,-119.693255
MORR_0052704,593510,45.8488,-119.693255
MORR_0052705,593511,45.8488,-119.693255
MORR_0052706,593512,45.8488,-119.693255
MORR_0052707,593513,45.8488,-119.693255
MORR_0052708,593514,45.8488,-119.693255
MORR_0052709,593963,45.84778056,-119.70090556
MORR_0052710,593964,45.84769167,-119.70069167
MORR_0052711,595884,45.8977941,-119.4655996
MORR_0052712,595886,45.882705,-119.5003469
MORR_0052713,596253,45.86421654,-119.65319359
MORR_0052714,596330,45.86068257,-119.65554857
MORR_0052715,597073,45.8488,-119.693255
MORR_0052716,597074,45.8488,-119.693255
MORR_0052717,597076,45.8488,-119.693255
MORR_0052718,597129,45.83098395,-119.68726254
MORR_0052722,597577,45.8488,-119.693255
MORR_0052723,597578,45.8488,-119.693255
MORR_0052724,597579,45.8488,-119.693255
MORR_0052725,597580,45.8488,-119.693255
MORR_0052726,597582,45.8488,-119.693255
MORR_0052727,597584,45.8488,-119.693255
MORR_0052728,597585,45.8488,-119.693255
MORR_0052729,597590,45.8488,-119.693255
MORR_0052730,597592,45.8488,-119.693255
MORR_0052731,597593,45.8488,-119.693255
MORR_0052732,597594,45.8488,-119.693255
MORR_0052733,597596,45.8488,-119.693255
MORR_0052734,597598,45.8488,-119.693255
MORR_0052735,598397,45.815325,-119.812082
MORR_0052736,598480,45.84447778,-119.68186111
MORR_0052737,598481,45.84436111,-119.68279167
MORR_0052738,598526,45.8488,-119.693255
MORR_0052739,598527,45.8488,-119.693255
MORR_0052740,598528,45.8488,-119.693255
MORR_0052741,598529,45.8488,-119.693255
MORR_0052742,598530,45.8488,-119.693255
MORR_0052743,598531,45.8488,-119.693255
MORR_0052744,598532,45.8488,-119.693255
MORR_0052745,598533,45.8488,-119.693255
MORR_0052746,598534,45.8488,-119.693255
MORR_0052747,598535,45.8488,-119.693255
MORR_0052748,598536,45.8488,-119.693255
MORR_0052749,598537,45.8488,-119.693255
MORR_0052750,598538,45.8488,-119.693255
MORR_0052751,598539,45.8488,-119.693255
MORR_0052752,598810,45.61141812,-119.72378349
MORR_0052755,599699,45.8355867,-119.5878967
MORR_0052756,599700,45.8355867,-119.5878967
MORR_0052757,599778,45.83315,-119.61933333
MORR_0052758,599779,45.83348889,-119.61926944
MORR_0052759,599782,45.83423333,-119.61883056
MORR_0052760,599783,45.83602778,-119.61909444
MORR_0052761,599784,45.83634167,-119.61947222
MORR_0052762,599810,45.836022,-119.61908
MORR_0052763,599837,45.84836396,-119.64628483
MORR_0052764,599841,45.852467,-119.664674
MORR_0052765,599911,45.83483056,-119.56298889
MORR_0052766,599912,45.83416111,-119.56920833
MORR_0052767,599913,45.83281389,-119.56910556
MORR_0052768,599914,45.83169444,-119.56900556
MORR_0052769,599915,45.83541944,-119.5675
MORR_0052770,599916,45.83550556,-119.57121667
MORR_0052771,599917,45.83379167,-119.57578333
MORR_0052772,599918,45.83510278,-119.58218611
MORR_0052773,599919,45.83358333,-119.57126667
MORR_0052774,599920,45.83165833,-119.57091389
MORR_0052775,599921,45.83409167,-119.56596944
MORR_0052776,599922,45.83167778,-119.5675
MORR_0052777,599923,45.83335556,-119.5675
MORR_0052778,599924,45.83276944,-119.5627
MORR_0052779,599925,45.832675,-119.56391111
MORR_0052780,599926,45.83550833,-119.56491389
MORR_0052781,599927,45.83418611,-119.561425
MORR_0052782,599928,45.83266667,-119.56099444
MORR_0052784,600217,45.86994813,-119.53463143
MORR_0052790,601137,45.61744435,-119.5339582
MORR_0052791,601233,45.81026,-119.442616
MORR_0052792,601234,45.809955,-119.44108
MORR_0052793,601235,45.80922,-119.44182
MORR_0052794,601236,45.808921,-119.44475
MORR_0052797,601271,45.61094444,-119.51820833
MORR_0052798,601272,45.62189444,-119.54703611
MORR_0052799,601378,45.61852778,-119.62164722
MORR_0052800,601379,45.62595833,-119.61294444
MORR_0052806,601424,45.71026111,-119.82439444
MORR_0052807,601426,45.71155,-119.82371111
MORR_0052808,601427,45.71339167,-119.82658333
MORR_0052809,601428,45.71244167,-119.82741667
MORR_0052810,601429,45.71474167,-119.82958611
MORR_0052811,601430,45.71188611,-119.82678333
MORR_0052812,601431,45.71091111,-119.82624444
MORR_0052813,601432,45.7115,-119.82740556
MORR_0052814,601501,45.8874623,-119.503472
MORR_0052817,601563,45.852604,-119.664721
MORR_0052818,601784,45.89085004,-119.53788897
MORR_0052819,601785,45.81572975,-119.71425629
MORR_0052820,601914,45.82524052,-119.64713538
MORR_0052822,602003,45.89870443,-119.5320498
MORR_0052884,602462,45.8221334,-119.7261138
MORR_0052885,602463,45.8168622,-119.7087804
MORR_0052886,602564,45.91030524,-119.55918885
MORR_0052887,602573,45.61997322,-119.60229015
MORR_0052888,602590,45.61988633,-119.60232572
MORR_0052889,602736,45.91042213,-119.55908905
MORR_0052899,604181,45.64480278,-119.61531111
MORR_0052902,604942,45.84778056,-119.70090556
MORR_0052903,605332,45.63108889,-119.59535556
MORR_0052904,605333,45.62227222,-119.58473889
MORR_0052905,605335,45.62141667,-119.56495
MORR_0052906,605336,45.61353333,-119.59623611
MORR_0052907,605337,45.61415278,-119.58540278
MORR_0052909,605339,45.61545556,-119.542625
MORR_0052910,605355,45.61353333,-119.59623611
MORR_0052911,605554,45.8260894,-119.6675776
MORR_0052912,605571,45.8830963,-119.4968847
MORR_0052913,605601,45.721688,-119.448743
MORR_0052914,605602,45.719388,-119.436428
MORR_0052915,605821,45.91288889,-119.55352222
MORR_0052925,606936,45.6907,-119.8356
MORR_0052926,606937,45.6908,-119.8365
MORR_0052927,606938,45.6907,-119.8356
MORR_0052928,606939,45.6909,-119.8376
MORR_0052929,606940,45.69159475,-119.83752468
MORR_0052931,606942,45.6921,-119.8401
MORR_0052932,606943,45.6932,-119.8401
MORR_0052933,606944,45.6932,-119.8387
MORR_0052934,606946,45.6934,-119.8356
MORR_0052935,606947,45.6926,-119.835
MORR_0052936,606948,45.6915,-119.8353
MORR_0052937,606949,45.6931,-119.8376
MORR_0052938,606950,45.693,-119.8365
MORR_0052941,606954,45.6924,-119.8362
MORR_0052942,606955,45.6917,-119.8364
MORR_0052943,606956,45.7535,-119.8324
MORR_0052944,606957,45.7809,-119.8509
MORR_0052945,606958,45.7678,-119.8454
MORR_0052946,607267,45.8206817,-119.6265147
MORR_0052947,607268,45.8185439,-119.6273006
MORR_0052948,607269,45.8185692,-119.6257325
MORR_0052949,607270,45.819887,-119.6256369
MORR_0052950,607888,45.68986389,-119.61213056
MORR_0052951,607889,45.68983056,-119.6112
MORR_0052952,607890,45.68921389,-119.61110833
MORR_0052953,607891,45.68898889,-119.61243611
MORR_0052955,608032,45.83023452,-119.75051975
MORR_0052956,608261,45.90459,-119.53444
MORR_0052965,609272,45.85606667,-119.66038611
MORR_0052966,609273,45.85591111,-119.66161667
MORR_0052967,609274,45.85632778,-119.66115556
MORR_0052968,609275,45.85541111,-119.66137778
MORR_0052969,609276,45.85554167,-119.66043611
MORR_0052970,609475,45.8343475,-119.5594021
MORR_0052971,609566,45.60933168,-119.53821754
MORR_0052979,611672,45.9005004,-119.4380955
MORR_0052980,611960,45.848315,-119.673471
MORR_0052981,611961,45.84912,-119.674887
MORR_0052982,611962,45.849585,-119.67357
MORR_0052983,611963,45.848244,-119.673499
MORR_0052984,611964,45.848111,-119.67466
MORR_0052986,612555,45.8282123,-119.68649542
MORR_0052987,612563,45.84513056,-119.64713056
MORR_0052988,612564,45.84567778,-119.64861389
MORR_0052989,612565,45.84441111,-119.64853056
MORR_0052990,612566,45.840025,-119.64852222
MORR_0052991,612567,45.85009444,-119.65504444
MORR_0052993,612798,45.81151967,-119.751598
MORR_0052994,614100,45.85272778,-119.61206111
MORR_0052995,614101,45.85243611,-119.60953056
MORR_0052996,614102,45.85338056,-119.60756111
MORR_0052997,614103,45.85356667,-119.61078889
MORR_0052998,614104,45.85415278,-119.60903056
MORR_0052999,614105,45.85385,-119.60919722
MORR_0053000,614106,45.85179167,-119.60654167
MORR_0053001,614107,45.85199722,-119.60638889
MORR_0053002,614108,45.85533611,-119.60589444
MORR_0053003,614109,45.85533611,-119.60589444
MORR_0053004,614110,45.85358333,-119.60604167
MORR_0053005,614111,45.85358333,-119.60604167
MORR_0053006,614112,45.85420833,-119.60634722
MORR_0053007,614113,45.85285278,-119.60381111
MORR_0053008,614114,45.85497222,-119.60796389
MORR_0053009,614115,45.85376667,-119.60545
MORR_0053010,614116,45.85391944,-119.60374444
MORR_0053011,614117,45.85250278,-119.60553889
MORR_0053012,614118,45.85556667,-119.60391944
MORR_0053013,614119,45.85256111,-119.60637222
MORR_0053014,614120,45.85317222,-119.6037
MORR_0053015,614121,45.85404167,-119.60693889
MORR_0053016,614122,45.85381389,-119.60757222
MORR_0053017,614123,45.85248611,-119.60416111
MORR_0053018,614124,45.85349167,-119.60374444
MORR_0053019,614282,45.8235631,-119.687033
MORR_0053021,615334,45.82246944,-119.86048889
MORR_0053022,615335,45.82195556,-119.85768333
MORR_0053023,615336,45.82152222,-119.85611389
MORR_0053024,615337,45.82098333,-119.86033333
MORR_0053025,615338,45.82164167,-119.86005
MORR_0053026,615339,45.82275,-119.85404167
MORR_0053027,615340,45.82261389,-119.85681667
MORR_0053028,615341,45.82274444,-119.85405
MORR_0053029,615375,45.87173699,-119.51451309
MORR_0053030,615558,45.694351,-119.6094
MORR_0053031,615559,45.701044,-119.605548
MORR_0053037,615896,45.90461313,-119.4464383
MORR_0053038,615938,45.6070494,-119.7566045
MORR_0053039,616535,45.83778056,-119.69583889
MORR_0053040,616536,45.83744444,-119.69573611
MORR_0053041,616537,45.83764167,-119.69561389
MORR_0053042,616538,45.83717222,-119.69561389
MORR_0053043,616539,45.8377,-119.69618611
MORR_0053044,616540,45.83741667,-119.69610833
MORR_0053046,616779,45.86408171,-119.62091947
MORR_0053047,617272,45.824964,-119.435976
MORR_0053048,617719,45.82790765,-119.64685911
MORR_0053050,618583,45.89948668,-119.52902013
MORR_0053051,618786,45.69453333,-119.83018611
MORR_0053052,618787,45.69446667,-119.82881389
MORR_0053053,618788,45.69448333,-119.82927222
MORR_0053055,619883,45.82102888,-119.66021445
MORR_0053056,620344,45.88432424,-119.49678198
MORR_0053058,620635,45.8227598,-119.6891899
MORR_0053061,621024,45.86273056,-119.62443333
MORR_0053062,621025,45.8623,-119.62438889
MORR_0053063,621026,45.86355833,-119.62452222
MORR_0053064,621027,45.86311944,-119.62448333
MORR_0053065,621028,45.86376111,-119.62361389
MORR_0053066,621029,45.86315556,-119.62351944
MORR_0053067,621030,45.86273889,-119.62348611
MORR_0053068,621031,45.86183889,-119.62338333
MORR_0053069,621032,45.86378333,-119.62231944
MORR_0053070,621033,45.86378333,-119.62231944
MORR_0053071,621034,45.86229722,-119.62343611
MORR_0053072,621035,45.86226667,-119.62218056
MORR_0053073,621036,45.86186667,-119.62213333
MORR_0053074,621037,45.86380278,-119.62132778
MORR_0053075,621038,45.86343889,-119.62136944
MORR_0053076,621039,45.86285833,-119.62140556
MORR_0053077,621040,45.86231667,-119.62133889
MORR_0053078,621041,45.86189444,-119.62140556
MORR_0053079,621042,45.86371944,-119.6206
MORR_0053080,621043,45.86337222,-119.62057778
MORR_0053081,621044,45.86289444,-119.62055278
MORR_0053082,621045,45.86231667,-119.62044444
MORR_0053083,621046,45.86195833,-119.62046389
MORR_0053084,621047,45.86335,-119.61932778
MORR_0053085,621048,45.86291111,-119.61935833
MORR_0053086,621049,45.86249722,-119.619675
MORR_0053087,621050,45.86199167,-119.62001667
MORR_0053088,621146,45.86366667,-119.61923056
MORR_0053089,621147,45.86181389,-119.62439722
MORR_0053090,621148,45.86333667,-119.62131472
MORR_0053091,623331,45.61766325,-119.43872642
MORR_0053093,623703,45.8203511,-119.676216
MORR_0053098,624239,45.61044996,-119.4483099
MORR_0053099,624314,45.88683964,-119.53607183
MORR_0053100,624379,45.90170047,-119.53537513
MORR_0053106,624528,45.8627332,-119.6170881
MORR_0053107,624529,45.8638971,-119.6152742
MORR_0053108,624530,45.8627734,-119.6153155
MORR_0053109,624531,45.8638542,-119.6171028
MORR_0053111,625696,45.73470093,-119.47392637
MORR_0053112,625698,45.733997,-119.47406316
MORR_0053113,626183,45.854454,-119.604293
MORR_0053114,626184,45.853845,-119.604144
MORR_0053115,626185,45.8543808,-119.6055422
MORR_0053116,626186,45.8539659,-119.6057105
MORR_0053117,626187,45.8530563,-119.606267
MORR_0053118,626188,45.8524884,-119.6062955
MORR_0053119,626189,45.8526187,-119.6070556
MORR_0053120,626190,45.8529545,-119.6084343
MORR_0053121,626191,45.8523917,-119.6051177
MORR_0053122,626192,45.8551645,-119.6035882
MORR_0053123,626193,45.8525332,-119.6045551
MORR_0053124,626194,45.8529085,-119.60447962
MORR_0053125,626195,45.8526252,-119.6055318
MORR_0053126,626196,45.8538638,-119.6046691
MORR_0053127,626197,45.8541709,-119.6063361
MORR_0053128,626198,45.853999,-119.607721
MORR_0053129,626199,45.854375,-119.607169
MORR_0053130,626200,45.854387,-119.608646
MORR_0053131,626201,45.854808,-119.608892
MORR_0053132,626202,45.853949,-119.612126
MORR_0053133,626203,45.854374,-119.606944
MORR_0053134,626204,45.852575,-119.607136
MORR_0053135,626205,45.852456,-119.606289
MORR_0053136,626206,45.854062,-119.612212
MORR_0053137,626207,45.852926,-119.611298
MORR_0053138,626208,45.854565,-119.610046
MORR_0053139,626209,45.852536,-119.609172
MORR_0053140,626210,45.852626,-119.608505
MORR_0053141,626211,45.85313,-119.608555
MORR_0053142,626212,45.853805,-119.609565
MORR_0053143,626213,45.852976,-119.607606
MORR_0053144,626214,45.853364,-119.606813
MORR_0053145,626215,45.854246,-119.603005
MORR_0053146,626216,45.852462,-119.6033764
MORR_0053147,626217,45.853781,-119.607166
MORR_0053167,627045,45.85309729,-119.67243701
MORR_0053168,627046,45.85308048,-119.67233777
MORR_0053169,627047,45.85308795,-119.67228681
MORR_0053170,627048,45.85309542,-119.67238605
MORR_0053171,627049,45.8531029,-119.67224389
MORR_0053172,627128,45.8990018,-119.5124698
MORR_0053173,627301,45.895652,-119.4897
MORR_0053209,627417,45.694417,-119.824801
MORR_0053210,627418,45.741956,-119.826771
MORR_0053211,627419,45.719555,-119.833561
MORR_0053212,627420,45.761527,-119.828654
MORR_0053213,627421,45.675461,-119.818426
MORR_0053214,627422,45.66144,-119.817571
MORR_0053215,627498,45.74750696,-119.57875866
MORR_0053216,627506,45.747225,-119.52971
MORR_0053217,627507,45.725519,-119.540228
MORR_0053218,627508,45.711211,-119.584256
MORR_0053219,627565,45.61853699,-119.45436294
MORR_0053220,627940,45.69409137,-119.50615473
MORR_0053221,627941,45.66991225,-119.49330353
MORR_0053222,627952,45.723777,-119.491329
MORR_0053223,628140,45.741098,-119.475677
MORR_0053225,628656,45.69273611,-119.83968886
MORR_0053226,628657,45.6920624,-119.83641144
MORR_0053227,628658,45.69341873,-119.83817097
MORR_0053228,628659,45.69285756,-119.83642917
MORR_0053229,628660,45.80803,-119.86478
MORR_0053230,628661,45.80781,-119.86286
MORR_0053231,628662,45.80724,-119.86288
MORR_0053232,628663,45.80722,-119.86471
MORR_0053234,629065,45.90339571,-119.54047127
MORR_0053235,629066,45.9030896,-119.54015208
MORR_0053236,629072,45.90319226,-119.53982217
MORR_0053237,629185,45.88686164,-119.536015
MORR_0053240,629785,45.71843,-119.4409
MORR_0053241,630009,45.7561385,-119.53822153
MORR_0053242,630010,45.75550971,-119.53852194
MORR_0053243,630011,45.75572679,-119.53842538
MORR_0053244,630012,45.75558082,-119.53796404
MORR_0053245,630013,45.75519156,-119.53813033
MORR_0053246,630014,45.75510922,-119.53826981
MORR_0053247,630015,45.75483599,-119.53862922
MORR_0053248,630016,45.75540116,-119.53904228
MORR_0053249,630338,45.90056849,-119.4370837
MORR_0053250,630518,45.82445179,-119.81213492
MORR_0053253,630739,45.8739307,-119.4969254
MORR_0053268,631757,45.82411796,-119.64707212
UMAT_0000438,254230,45.68457202,-119.39059798
UMAT_0000440,247541,45.68286084,-119.38395549
UMAT_0000442,253241,45.6825881,-119.39344818
UMAT_0000443,253242,45.6825881,-119.39344818
UMAT_0000445,247543,45.6698498,-119.39445874
UMAT_0000448,254276,45.66823265,-119.38284534
UMAT_0000449,254541,45.66823265,-119.38284534
UMAT_0000450,247545,45.67553605,-119.39331049
UMAT_0000456,247546,45.65005952,-119.41197427
UMAT_0000462,254377,45.62243696,-119.40904217
UMAT_0000465,247549,45.62607639,-119.4330182
UMAT_0000471,254443,45.68242975,-119.30028575
UMAT_0000472,247554,45.67252662,-119.35390982
UMAT_0000474,247555,45.67253891,-119.35391135
UMAT_0001166,247997,45.70488247,-119.37712277
UMAT_0001170,248001,45.69780844,-119.37338132
UMAT_0001172,252613,45.77153289,-119.249862
UMAT_0001173,252614,45.76984392,-119.25054605
UMAT_0001178,252548,45.76965825,-119.27983096
UMAT_0001179,252549,45.76965825,-119.27983096
UMAT_0001184,248006,45.77571628,-119.37041975
UMAT_0001187,252924,45.75191912,-119.3369096
UMAT_0001188,252556,45.75173395,-119.33602941
UMAT_0001189,252558,45.75191912,-119.3369096
UMAT_0001197,252567,45.74042169,-119.25886864
UMAT_0001201,252572,45.74761426,-119.34303496
UMAT_0001205,248016,45.73920487,-119.36013652
UMAT_0001207,252577,45.72644998,-119.36239061
UMAT_0001220,252589,45.71149193,-119.32581556
UMAT_0001222,248023,45.71188218,-119.36237454
UMAT_0001541,252467,45.82827627,-119.38276034
UMAT_0001542,252472,45.82609013,-119.3781298
UMAT_0001543,248252,45.81003752,-119.42148463
UMAT_0001544,248253,45.8100309,-119.42527309
UMAT_0001558,252674,45.7937436,-119.388908
UMAT_0001561,248262,45.80249059,-119.41374093
UMAT_0001562,248263,45.79749745,-119.40629726
UMAT_0001563,248264,45.79365683,-119.403544
UMAT_0001571,252681,45.80011013,-119.4301998
UMAT_0001572,248268,45.7959285,-119.41593977
UMAT_0001577,248270,45.79016528,-119.43467638
UMAT_0001581,252685,45.78493013,-119.3777598
UMAT_0001582,252686,45.78481066,-119.38290136
UMAT_0001583,252687,45.78481066,-119.38290136
UMAT_0001584,252688,45.79079346,-119.38833843
UMAT_0001704,252725,45.85691727,-119.25884986
UMAT_0001705,252726,45.85691727,-119.25884986
UMAT_0001706,252727,45.85691727,-119.25884986
UMAT_0001707,252728,45.85691727,-119.25884986
UMAT_0001708,248356,45.86177208,-119.25155991
UMAT_0001709,248357,45.85118741,-119.26153683
UMAT_0001710,252731,45.85117652,-119.24917351
UMAT_0001712,248359,45.85691727,-119.25884986
UMAT_0001740,248379,45.86250897,-119.28222938
UMAT_0001741,252744,45.8570395,-119.2796892
UMAT_0001742,252741,45.8570395,-119.2796892
UMAT_0001743,248380,45.85137148,-119.28755582
UMAT_0001744,252745,45.8532015,-119.28497988
UMAT_0001745,252746,45.8570395,-119.2796892
UMAT_0001746,252747,45.8570395,-119.2796892
UMAT_0001747,248381,45.8570395,-119.2796892
UMAT_0001748,252748,45.8570395,-119.2796892
UMAT_0001749,248382,45.86253562,-119.28743679
UMAT_0001750,252750,45.86253562,-119.28743679
UMAT_0001787,248406,45.85714092,-119.30049265
UMAT_0001788,252766,45.85714092,-119.30049265
UMAT_0001789,252767,45.85714092,-119.30049265
UMAT_0001790,252768,45.85714092,-119.30049265
UMAT_0001791,248407,45.85144656,-119.3082958
UMAT_0001792,248408,45.85871863,-119.30308549
UMAT_0001793,248409,45.86263268,-119.30828097
UMAT_0001794,248410,45.85867121,-119.2926803
UMAT_0001795,248411,45.85867121,-119.2926803
UMAT_0001796,248412,45.85867121,-119.2926803
UMAT_0001797,248413,45.85871863,-119.30308549
UMAT_0001798,248414,45.85871863,-119.30308549
UMAT_0001799,248415,45.85509065,-119.3082915
UMAT_0001800,248416,45.86256202,-119.29264476
UMAT_0001801,248417,45.85509065,-119.3082915
UMAT_0001802,252769,45.85714092,-119.30049265
UMAT_0001803,252770,45.85714092,-119.30049265
UMAT_0001804,252771,45.85714092,-119.30049265
UMAT_0001805,248418,45.85714092,-119.30049265
UMAT_0001831,252782,45.85724675,-119.32123953
UMAT_0001832,252783,45.85724675,-119.32123953
UMAT_0001833,252784,45.85724675,-119.32123953
UMAT_0001834,252785,45.85724675,-119.32123953
UMAT_0001835,248433,45.85724675,-119.32123953
UMAT_0001836,252786,45.85724675,-119.32123953
UMAT_0001851,252797,45.85735624,-119.34204976
UMAT_0001852,248440,45.85904327,-119.33945584
UMAT_0001862,252798,45.85739119,-119.36234559
UMAT_0001882,252808,45.84277788,-119.36245958
UMAT_0001883,248458,45.84096536,-119.37023649
UMAT_0001884,252809,45.84277788,-119.36245958
UMAT_0001885,252810,45.84277788,-119.36245958
UMAT_0001962,415339,45.84270752,-119.34214011
UMAT_0001963,252831,45.84270752,-119.34214011
UMAT_0001964,252832,45.84270752,-119.34214011
UMAT_0001965,252833,45.84270752,-119.34214011
UMAT_0001966,248487,45.83728155,-119.34480212
UMAT_0001967,252834,45.84270752,-119.34214011
UMAT_0001968,252835,45.84270752,-119.34214011
UMAT_0001969,248488,45.84813191,-119.33945307
UMAT_0001970,248489,45.84270752,-119.34214011
UMAT_0001971,248490,45.84088611,-119.33955234
UMAT_0001994,251482,45.84250484,-119.32133447
UMAT_0001996,252847,45.84250484,-119.32133447
UMAT_0001997,248506,45.84250484,-119.32133447
UMAT_0001998,248507,45.83711092,-119.32399535
UMAT_0002000,253592,45.84250484,-119.32133447
UMAT_0002001,253594,45.84250484,-119.32133447
UMAT_0002002,253596,45.83573577,-119.33136083
UMAT_0002003,253597,45.84250484,-119.32133447
UMAT_0002004,253632,45.84250484,-119.32133447
UMAT_0002005,248508,45.83718331,-119.32919325
UMAT_0002037,253737,45.84234145,-119.30058985
UMAT_0002038,253738,45.84234145,-119.30058985
UMAT_0002039,253740,45.84234145,-119.30058985
UMAT_0002040,248528,45.84054739,-119.30837565
UMAT_0002041,253742,45.83858582,-119.30744911
UMAT_0002042,248529,45.84780812,-119.3083134
UMAT_0002043,253743,45.84234145,-119.30058985
UMAT_0002044,253744,45.84234145,-119.30058985
UMAT_0002045,248530,45.84652517,-119.3016067
UMAT_0002046,248531,45.84053144,-119.30319699
UMAT_0002047,248532,45.84053144,-119.30319699
UMAT_0002062,253752,45.83683935,-119.28768594
UMAT_0002063,248544,45.84685414,-119.28353352
UMAT_0002064,253753,45.84222573,-119.27982266
UMAT_0002065,253754,45.84222573,-119.27982266
UMAT_0002066,253755,45.84222573,-119.27982266
UMAT_0002067,253756,45.84299597,-119.27593563
UMAT_0002068,253757,45.8425597,-119.27169898
UMAT_0002069,253758,45.84222573,-119.27982266
UMAT_0002070,253759,45.84609218,-119.28473623
UMAT_0002071,253763,45.84222573,-119.27982266
UMAT_0002072,251483,45.84222573,-119.27982266
UMAT_0002074,253765,45.84222573,-119.27982266
UMAT_0002108,253785,45.84207199,-119.258983
UMAT_0002109,253787,45.84207199,-119.258983
UMAT_0002110,253788,45.84207199,-119.258983
UMAT_0002111,253789,45.84207199,-119.258983
UMAT_0002112,253791,45.84207199,-119.258983
UMAT_0002113,253792,45.84207199,-119.258983
UMAT_0002114,253794,45.84207199,-119.258983
UMAT_0002115,253796,45.84207199,-119.258983
UMAT_0002116,253798,45.84207199,-119.258983
UMAT_0002117,253799,45.84207199,-119.258983
UMAT_0002118,253801,45.84207199,-119.258983
UMAT_0002119,253813,45.84207199,-119.258983
UMAT_0002120,253817,45.84207199,-119.258983
UMAT_0002121,248572,45.8366752,-119.26685371
UMAT_0002122,248573,45.840321,-119.26682737
UMAT_0002123,248574,45.8366752,-119.26685371
UMAT_0002124,248575,45.8366752,-119.26685371
UMAT_0002125,253837,45.84207199,-119.258983
UMAT_0002126,253838,45.84207199,-119.258983
UMAT_0002127,253840,45.84207199,-119.258983
UMAT_0002128,253842,45.84207199,-119.258983
UMAT_0002129,253843,45.84207199,-119.258983
UMAT_0002146,248586,45.82212663,-119.26685552
UMAT_0002147,248587,45.8275417,-119.25901872
UMAT_0002177,253919,45.82769202,-119.2798779
UMAT_0002178,253921,45.82769202,-119.2798779
UMAT_0002179,253924,45.82784018,-119.30063711
UMAT_0002180,253960,45.82769202,-119.2798779
UMAT_0002181,253961,45.82769202,-119.2798779
UMAT_0002182,253962,45.82769202,-119.2798779
UMAT_0002183,248603,45.82769202,-119.2798779
UMAT_0002184,253963,45.82769202,-119.2798779
UMAT_0002185,248604,45.82953226,-119.28249815
UMAT_0002263,254036,45.82784018,-119.30063711
UMAT_0002264,254037,45.82784018,-119.30063711
UMAT_0002265,254038,45.82784018,-119.30063711
UMAT_0002266,254039,45.82784018,-119.30063711
UMAT_0002267,254040,45.82784018,-119.30063711
UMAT_0002268,254041,45.82784018,-119.30063711
UMAT_0002269,254042,45.82784018,-119.30063711
UMAT_0002270,254043,45.82784018,-119.30063711
UMAT_0002271,254044,45.82784018,-119.30063711
UMAT_0002272,254045,45.82784018,-119.30063711
UMAT_0002273,254046,45.82784018,-119.30063711
UMAT_0002274,248643,45.82606909,-119.30838533
UMAT_0002275,248644,45.82966204,-119.30322123
UMAT_0002276,254047,45.82784018,-119.30063711
UMAT_0002277,254048,45.82784018,-119.30063711
UMAT_0002302,252013,45.82800755,-119.32139777
UMAT_0002307,252008,45.82131921,-119.31171201
UMAT_0002308,252007,45.82800755,-119.32139777
UMAT_0002309,252006,45.82800755,-119.32139777
UMAT_0002310,252024,45.83132338,-119.32974431
UMAT_0002311,252025,45.82800755,-119.32139777
UMAT_0002346,253956,45.83360121,-119.33440726
UMAT_0002356,253978,45.82821266,-119.34217573
UMAT_0002357,253979,45.83506958,-119.34124398
UMAT_0002358,253980,45.83506958,-119.34124398
UMAT_0002359,253981,45.82821266,-119.34217573
UMAT_0002361,253985,45.82821266,-119.34217573
UMAT_0002362,253988,45.82821266,-119.34217573
UMAT_0002374,253996,45.82829013,-119.3680598
UMAT_0002381,253901,45.82827383,-119.36248914
UMAT_0002383,253902,45.82827383,-119.36248914
UMAT_0002387,248700,45.809986,-119.355373
UMAT_0002388,248701,45.809986,-119.355373
UMAT_0002412,248715,45.80822192,-119.33432046
UMAT_0002428,248723,45.81546328,-119.33434916
UMAT_0002429,248724,45.81184262,-119.33433479
UMAT_0002430,248725,45.81184262,-119.33433479
UMAT_0002431,253934,45.81370669,-119.34214432
UMAT_0002432,253936,45.80832952,-119.34994497
UMAT_0002475,253874,45.81352289,-119.32137414
UMAT_0002476,253875,45.81095778,-119.32586617
UMAT_0002478,248747,45.81896957,-119.32396149
UMAT_0002479,253876,45.81352289,-119.32137414
UMAT_0002480,253877,45.81352289,-119.32137414
UMAT_0002481,253878,45.81352289,-119.32137414
UMAT_0002482,253879,45.81352289,-119.32137414
UMAT_0002483,253880,45.81352289,-119.32137414
UMAT_0002484,253899,45.81352289,-119.32137414
UMAT_0002485,253882,45.81352289,-119.32137414
UMAT_0002486,253884,45.81352289,-119.32137414
UMAT_0002487,253886,45.81352289,-119.32137414
UMAT_0002488,253888,45.81352289,-119.32137414
UMAT_0002489,248748,45.81352289,-119.32137414
UMAT_0002490,253890,45.81352289,-119.32137414
UMAT_0002491,253891,45.81352289,-119.32137414
UMAT_0002492,505758,45.81352289,-119.32137414
UMAT_0002493,253892,45.81352289,-119.32137414
UMAT_0002501,248753,45.8073544,-119.293905
UMAT_0002502,248754,45.80795182,-119.30844124
UMAT_0002528,248770,45.81303958,-119.25904868
UMAT_0002595,248811,45.80276,-119.32118
UMAT_0002596,248812,45.80257946,-119.31632764
UMAT_0002603,248816,45.79252506,-119.35472779
UMAT_0002614,253858,45.78693591,-119.34025584
UMAT_0002623,253805,45.78455641,-119.32145141
UMAT_0002624,253827,45.78455641,-119.32145141
UMAT_0002625,253806,45.78455641,-119.32145141
UMAT_0002626,253807,45.78391916,-119.31779145
UMAT_0002627,253808,45.78455641,-119.32145141
UMAT_0002628,253809,45.78574838,-119.32927338
UMAT_0002629,253828,45.78455641,-119.32145141
UMAT_0002630,253810,45.78455641,-119.32145141
UMAT_0002631,248826,45.78642944,-119.32927215
UMAT_0002642,253816,45.78414329,-119.25895117
UMAT_0003290,253358,45.9152581,-119.38007758
UMAT_0003291,253360,45.9152581,-119.38007758
UMAT_0003292,253371,45.9152581,-119.38007758
UMAT_0003293,253372,45.9152581,-119.38007758
UMAT_0003294,253373,45.910531,-119.3924
UMAT_0003295,249271,45.9152581,-119.38007758
UMAT_0003296,253376,45.9152581,-119.38007758
UMAT_0003299,249274,45.907647,-119.397925
UMAT_0003315,252353,45.90092988,-119.42170786
UMAT_0003331,252356,45.90084971,-119.40086454
UMAT_0003343,249307,45.9284385,-119.27972905
UMAT_0003353,252364,45.91547814,-119.29698447
UMAT_0003355,252366,45.91059179,-119.30663499
UMAT_0003356,252367,45.91547814,-119.29698447
UMAT_0003357,249311,45.91366583,-119.29963366
UMAT_0003362,252368,45.91543505,-119.31784665
UMAT_0003364,252370,45.91543505,-119.31784665
UMAT_0003374,252373,45.91955195,-119.32832976
UMAT_0003376,252420,45.91530442,-119.35933235
UMAT_0003389,252416,45.90091524,-119.31780818
UMAT_0003399,252421,45.90090061,-119.29691607
UMAT_0003400,249332,45.90605357,-119.30361025
UMAT_0003405,249336,45.88582536,-119.24614287
UMAT_0003428,252453,45.88631363,-119.2759998
UMAT_0003439,252457,45.88093153,-119.28908917
UMAT_0003445,252485,45.8863843,-119.29689667
UMAT_0003446,252877,45.88796,-119.29944
UMAT_0003466,249371,45.88099633,-119.31512293
UMAT_0003467,249372,45.88823498,-119.31512305
UMAT_0003514,253090,45.87195453,-119.31769238
UMAT_0003515,253091,45.87195453,-119.31769238
UMAT_0003516,253092,45.87195453,-119.31769238
UMAT_0003517,249402,45.87195453,-119.31769238
UMAT_0003518,249403,45.87195453,-119.31769238
UMAT_0003547,249432,45.87733458,-119.30471087
UMAT_0003594,249463,45.870094,-119.2994775
UMAT_0003595,253169,45.87642413,-119.30669508
UMAT_0003596,253170,45.87188989,-119.29687577
UMAT_0003597,249464,45.8664522,-119.29425575
UMAT_0003598,253172,45.87255,-119.28887
UMAT_0003599,249465,45.87010456,-119.30469218
UMAT_0003600,253173,45.87188989,-119.29687577
UMAT_0003601,249466,45.874609,-119.28879387
UMAT_0003620,249478,45.86499,-119.28015
UMAT_0003651,249499,45.86990826,-119.2577733
UMAT_0005355,250520,45.86636303,-119.2734066
UMAT_0005416,251491,45.8916766,-119.26291885
UMAT_0005418,253447,45.85540265,-119.33944433
UMAT_0005422,251494,45.88704507,-119.27953603
UMAT_0005430,253454,45.70488247,-119.37712277
UMAT_0005857,250955,45.82632939,-119.43211062
UMAT_0005858,250956,45.82682522,-119.42702086
UMAT_0005979,251075,45.85123076,-119.26675651
UMAT_0005980,251076,45.81184262,-119.33433479
UMAT_0005982,251078,45.87641146,-119.27530775
UMAT_0005987,251083,45.89185593,-119.31512305
UMAT_0005988,251084,45.87621613,-119.28157986
UMAT_0005990,251086,45.85519717,-119.31867173
UMAT_0005991,251087,45.8189156,-119.31876447
UMAT_0006002,251098,45.87732306,-119.29428882
UMAT_0006009,251105,45.8702669,-119.25206981
UMAT_0006010,251106,45.69494439,-119.27988398
UMAT_0006018,251113,45.8844293,-119.26295137
UMAT_0006029,251123,45.90627261,-119.40870517
UMAT_0006030,251124,45.91359225,-119.32046764
UMAT_0006031,251125,45.84270752,-119.34214011
UMAT_0006034,251128,45.83360121,-119.33440726
UMAT_0006036,251130,45.79387484,-119.37034022
UMAT_0006037,251131,45.88386422,-119.2653276
UMAT_0006038,251132,45.82784018,-119.30063711
UMAT_0006041,251135,45.8773747,-119.31511811
UMAT_0006042,251136,45.84391888,-119.26159587
UMAT_0006043,251137,45.85483304,-119.26149396
UMAT_0006044,251138,45.9170889,-119.36191157
UMAT_0006045,251139,45.90985253,-119.3879006
UMAT_0006054,251147,45.91700136,-119.24743933
UMAT_0006056,251149,45.90276911,-119.42951677
UMAT_0006065,251158,45.83825287,-119.33802658
UMAT_0006083,253505,45.75024825,-119.37500908
UMAT_0006084,253506,45.90271711,-119.41910629
UMAT_0006096,253519,45.70676731,-119.72881131
UMAT_0006117,253532,45.84222573,-119.27982266
UMAT_0006119,253534,45.82769202,-119.2798779
UMAT_0006120,253536,45.82769202,-119.2798779
UMAT_0006129,251163,45.8570395,-119.2796892
UMAT_0006130,253541,45.82979365,-119.31879143
UMAT_0006153,251164,45.87188989,-119.29687577
UMAT_0006154,251165,45.9136896,-119.30487313
UMAT_0006220,251167,45.87007196,-119.28905691
UMAT_0006221,251168,45.87369924,-119.28907183
UMAT_0006222,251169,45.8366752,-119.26685371
UMAT_0006223,251170,45.88927581,-119.31687125
UMAT_0006225,251172,45.89331013,-119.24912979
UMAT_0006226,251173,45.87195453,-119.31769238
UMAT_0006227,251174,45.89344971,-119.26800293
UMAT_0006228,251175,45.89324921,-119.25259373
UMAT_0006232,251179,45.83360121,-119.33440726
UMAT_0006235,251182,45.84270752,-119.34214011
UMAT_0006237,251184,45.82606909,-119.30838533
UMAT_0006238,251185,45.84090973,-119.34475751
UMAT_0006241,251187,45.82239168,-119.29802974
UMAT_0006242,251188,45.80782172,-119.28766563
UMAT_0006243,251189,45.86655447,-119.33065152
UMAT_0006244,251190,45.87369924,-119.28907183
UMAT_0006245,251191,45.83876114,-119.33805272
UMAT_0006246,251192,45.83798513,-119.33455796
UMAT_0006247,251193,45.83723149,-119.33439347
UMAT_0006250,251196,45.84270752,-119.34214011
UMAT_0006251,251197,45.86269776,-119.31867666
UMAT_0006252,251198,45.87008298,-119.29426569
UMAT_0006253,251199,45.84270752,-119.34214011
UMAT_0006254,251200,45.8372563,-119.33959663
UMAT_0006255,251201,45.81303958,-119.25904868
UMAT_0006256,251202,45.84088611,-119.33955234
UMAT_0006274,251220,45.78277,-119.29639
UMAT_0006284,251228,45.83330097,-119.308413
UMAT_0006291,251235,45.83573577,-119.33136083
UMAT_0006297,251241,45.85114349,-119.25631939
UMAT_0006298,251242,45.85460023,-119.32250381
UMAT_0006299,251243,45.84750619,-119.25635367
UMAT_0006300,251244,45.87014469,-119.32028053
UMAT_0006301,251245,45.83266967,-119.35161383
UMAT_0006303,251247,45.83676917,-119.33606558
UMAT_0006308,251252,45.87007196,-119.28905691
UMAT_0006309,251253,45.91002592,-119.31009448
UMAT_0006310,251254,45.83843683,-119.33625734
UMAT_0006312,251256,45.84270752,-119.34214011
UMAT_0006313,251257,45.9152581,-119.38007758
UMAT_0006323,251267,45.81184262,-119.33433479
UMAT_0006325,251269,45.87007196,-119.28905691
UMAT_0006326,251270,45.87170229,-119.25519169
UMAT_0006327,251271,45.83718331,-119.32919325
UMAT_0006328,251272,45.88169,-119.29308
UMAT_0006332,251276,45.86641102,-119.28383316
UMAT_0006333,251277,45.79352707,-119.31356671
UMAT_0006334,251278,45.79885918,-119.30060279
UMAT_0006350,251294,45.87733004,-119.29949671
UMAT_0006351,251295,45.8186411,-119.28249067
UMAT_0006352,251296,45.78253131,-119.29277583
UMAT_0006353,251297,45.85154698,-119.31866645
UMAT_0006356,251300,45.70208979,-119.2796694
UMAT_0006358,251302,45.72094256,-119.3548835
UMAT_0006359,251303,45.86603442,-119.24773481
UMAT_0006362,251306,45.80262065,-119.32659393
UMAT_0006363,251307,45.82821266,-119.34217573
UMAT_0006368,251312,45.81501856,-119.282489
UMAT_0006370,251314,45.83700468,-119.49474901
UMAT_0006371,251315,45.83654273,-119.33699553
UMAT_0006373,251317,45.9141634,-119.28576763
UMAT_0006387,251326,45.83368499,-119.3500166
UMAT_0006388,251327,45.88809367,-119.26814334
UMAT_0006389,251328,45.84810666,-119.33424298
UMAT_0006393,251330,45.83360121,-119.33440726
UMAT_0006394,251331,45.8366752,-119.26685371
UMAT_0006397,251334,45.83360121,-119.33440726
UMAT_0006398,251335,45.69528268,-119.31328637
UMAT_0006399,251336,45.83718331,-119.32919325
UMAT_0006404,251341,45.83718331,-119.32919325
UMAT_0006406,251343,45.83718331,-119.32919325
UMAT_0006407,251344,45.83732692,-119.33442014
UMAT_0006408,251345,45.83723149,-119.33439347
UMAT_0006409,251346,45.87195453,-119.31769238
UMAT_0006410,251347,45.86650439,-119.30988284
UMAT_0006411,251348,45.88643506,-119.31771978
UMAT_0006413,251350,45.83654996,-119.33116192
UMAT_0006414,251351,45.84250484,-119.32133447
UMAT_0006420,251355,45.82589941,-119.28249552
UMAT_0006516,251396,45.91530442,-119.35933235
UMAT_0006534,251573,45.86253562,-119.28743679
UMAT_0006572,251413,45.90985464,-119.39312345
UMAT_0006573,251414,45.86647083,-119.29946647
UMAT_0006575,251416,45.84270752,-119.34214011
UMAT_0006576,251829,45.85509065,-119.3082915
UMAT_0006579,251418,45.84773625,-119.28759131
UMAT_0006583,251420,45.87795308,-119.29354616
UMAT_0006584,251826,45.86627556,-119.25256335
UMAT_0006585,251421,45.83734237,-119.37023871
UMAT_0006586,251422,45.90091524,-119.31780818
UMAT_0006589,251824,45.90637926,-119.42952686
UMAT_0006604,251821,45.88549,-119.30041
UMAT_0006605,251820,45.86291854,-119.37001662
UMAT_0008025,627977,45.72025991,-119.25103837
UMAT_0050009,251359,45.83303375,-119.26686185
UMAT_0050010,251360,45.8189156,-119.31876447
UMAT_0050018,251367,45.67004467,-119.38543719
UMAT_0050019,251368,45.88091401,-119.28387217
UMAT_0050022,251371,45.62243696,-119.40904217
UMAT_0050042,251389,45.88462576,-119.32033071
UMAT_0050056,251441,45.87621613,-119.28157986
UMAT_0050070,251455,45.85152814,-119.26842586
UMAT_0050073,251458,45.85110006,-119.25110423
UMAT_0050089,251473,45.86239992,-119.26138809
UMAT_0050091,251474,45.87371423,-119.29948787
UMAT_0050092,251475,45.83685726,-119.34082042
UMAT_0050093,251476,45.84088611,-119.33955234
UMAT_0050094,251477,45.85063548,-119.25394197
UMAT_0050095,251478,45.84391888,-119.26159587
UMAT_0050119,251606,45.83277556,-119.34923327
UMAT_0050128,251608,45.84024491,-119.25639976
UMAT_0050129,251615,45.83368499,-119.3500166
UMAT_0050131,251617,45.85384972,-119.2550084
UMAT_0050132,251622,45.90987564,-119.403549
UMAT_0050133,251623,45.90986598,-119.39835295
UMAT_0050139,251629,45.89909753,-119.32561591
UMAT_0050140,251626,45.88133452,-119.27532783
UMAT_0050143,251620,45.83676899,-119.33587713
UMAT_0050154,251635,45.8155045,-119.3395443
UMAT_0050160,251644,45.89901152,-119.27335346
UMAT_0050161,251643,45.8845119,-119.27862751
UMAT_0050164,251640,45.8665177,-119.31507392
UMAT_0050165,251639,45.85478755,-119.25627356
UMAT_0050174,251651,45.82985775,-119.32399535
UMAT_0050179,251656,45.78889887,-119.37398579
UMAT_0050181,251663,45.84088611,-119.33955234
UMAT_0050187,251662,45.90988364,-119.40871018
UMAT_0050190,251674,45.85483304,-119.26149396
UMAT_0050194,251363,45.85114349,-119.25631939
UMAT_0050195,251668,45.9062744,-119.34124453
UMAT_0050197,251671,45.84746388,-119.2511327
UMAT_0050211,251691,45.86237062,-119.25617469
UMAT_0050212,251692,45.86643469,-119.28904287
UMAT_0050215,251694,45.83989684,-119.35154126
UMAT_0050223,251706,45.8665177,-119.31507392
UMAT_0050224,251705,45.8586951,-119.29788308
UMAT_0050226,251707,45.90276911,-119.42951677
UMAT_0050229,251702,45.85487789,-119.26672122
UMAT_0050232,251697,45.82957884,-119.28770154
UMAT_0050243,251734,45.84430771,-119.48393461
UMAT_0050244,251735,45.87375027,-119.31510424
UMAT_0050262,251740,45.83360121,-119.33440726
UMAT_0050263,251741,45.84270752,-119.34214011
UMAT_0050265,251737,45.87008298,-119.29426569
UMAT_0050320,251792,45.85847671,-119.26144661
UMAT_0050322,251794,45.86517726,-119.30636067
UMAT_0050323,251795,45.78649748,-119.35008202
UMAT_0050343,251808,45.87013097,-119.31508888
UMAT_0050344,251812,45.86993701,-119.26297847
UMAT_0050363,251849,45.87014469,-119.32028053
UMAT_0050364,251848,45.84391888,-119.26159587
UMAT_0050386,251855,45.87373251,-119.30990927
UMAT_0050390,251854,45.81530044,-119.3187732
UMAT_0050391,251853,45.83197708,-119.34025799
UMAT_0050392,251860,45.85186683,-119.41116706
UMAT_0050393,251861,45.85186683,-119.41116706
UMAT_0050394,251862,45.85186683,-119.41116706
UMAT_0050395,251863,45.85186683,-119.41116706
UMAT_0050396,251864,45.85186683,-119.41116706
UMAT_0050397,251865,45.85186683,-119.41116706
UMAT_0050398,251866,45.85186683,-119.41116706
UMAT_0050399,251867,45.85186683,-119.41116706
UMAT_0050400,251868,45.85186683,-119.41116706
UMAT_0050401,251869,45.85186683,-119.41116706
UMAT_0050402,251870,45.85186683,-119.41116706
UMAT_0050403,251871,45.85186683,-119.41116706
UMAT_0050404,251872,45.85186683,-119.41116706
UMAT_0050405,251873,45.85186683,-119.41116706
UMAT_0050406,251874,45.85186683,-119.41116706
UMAT_0050407,251875,45.85186683,-119.41116706
UMAT_0050408,251876,45.85186683,-119.41116706
UMAT_0050409,251877,45.85186683,-119.41116706
UMAT_0050410,251878,45.85186683,-119.41116706
UMAT_0050411,251879,45.85186683,-119.41116706
UMAT_0050412,251880,45.85186683,-119.41116706
UMAT_0050413,251881,45.85186683,-119.41116706
UMAT_0050414,251882,45.85186683,-119.41116706
UMAT_0050415,251883,45.85186683,-119.41116706
UMAT_0050416,251884,45.85186683,-119.41116706
UMAT_0050417,251885,45.85186683,-119.41116706
UMAT_0050418,251886,45.85186683,-119.41116706
UMAT_0050419,251887,45.85186683,-119.41116706
UMAT_0050420,251888,45.85186683,-119.41116706
UMAT_0050421,251889,45.85186683,-119.41116706
UMAT_0050422,251890,45.85186683,-119.41116706
UMAT_0050423,251891,45.85186683,-119.41116706
UMAT_0050424,251892,45.85186683,-119.41116706
UMAT_0050425,251893,45.85186683,-119.41116706
UMAT_0050426,251894,45.85186683,-119.41116706
UMAT_0050427,251895,45.85186683,-119.41116706
UMAT_0050428,251896,45.85186683,-119.41116706
UMAT_0050429,251897,45.85186683,-119.41116706
UMAT_0050430,251898,45.85186683,-119.41116706
UMAT_0050431,251899,45.85186683,-119.41116706
UMAT_0050432,251900,45.85186683,-119.41116706
UMAT_0050433,251901,45.85186683,-119.41116706
UMAT_0050434,251902,45.85186683,-119.41116706
UMAT_0050435,251903,45.85186683,-119.41116706
UMAT_0050436,251904,45.85186683,-119.41116706
UMAT_0050437,251905,45.85186683,-119.41116706
UMAT_0050438,251906,45.85186683,-119.41116706
UMAT_0050439,251907,45.85186683,-119.41116706
UMAT_0050440,251908,45.85186683,-119.41116706
UMAT_0050441,251909,45.85186683,-119.41116706
UMAT_0050442,251910,45.85186683,-119.41116706
UMAT_0050443,251911,45.85186683,-119.41116706
UMAT_0050444,251912,45.85186683,-119.41116706
UMAT_0050445,251913,45.85186683,-119.41116706
UMAT_0050446,251914,45.85186683,-119.41116706
UMAT_0050447,251915,45.85186683,-119.41116706
UMAT_0050448,251916,45.85186683,-119.41116706
UMAT_0050449,251917,45.85186683,-119.41116706
UMAT_0050450,251918,45.85186683,-119.41116706
UMAT_0050451,251919,45.85186683,-119.41116706
UMAT_0050452,251920,45.85186683,-119.41116706
UMAT_0050453,251921,45.85186683,-119.41116706
UMAT_0050455,251922,45.85186683,-119.41116706
UMAT_0050456,251923,45.85186683,-119.41116706
UMAT_0050457,251924,45.85186683,-119.41116706
UMAT_0050461,251931,45.82589941,-119.28249552
UMAT_0050462,251930,45.86239992,-119.26138809
UMAT_0050463,251929,45.85483304,-119.26149396
UMAT_0050469,251939,45.86650439,-119.30988284
UMAT_0050470,251938,45.87013097,-119.31508888
UMAT_0050479,251949,45.87013097,-119.31508888
UMAT_0050480,251950,45.87013097,-119.31508888
UMAT_0050484,251962,45.77875306,-119.26674608
UMAT_0050487,251965,45.84126332,-119.36906764
UMAT_0050488,251966,45.87373251,-119.30990927
UMAT_0050489,251967,45.87013097,-119.31508888
UMAT_0050490,251969,45.77205374,-119.41151275
UMAT_0050491,251970,45.8372563,-119.33959663
UMAT_0050493,251945,45.87013097,-119.31508888
UMAT_0050494,251946,45.87013097,-119.31508888
UMAT_0050504,251971,45.8438767,-119.2563765
UMAT_0050505,251972,45.87013097,-119.31508888
UMAT_0050515,251986,45.87011676,-119.30989654
UMAT_0050518,251988,45.87372027,-119.30470307
UMAT_0050529,251999,45.83009106,-119.36035045
UMAT_0050566,252041,45.87014469,-119.32028053
UMAT_0050568,252038,45.90985464,-119.39312345
UMAT_0050569,252037,45.87011676,-119.30989654
UMAT_0050570,252036,45.87011676,-119.30989654
UMAT_0050571,252035,45.82645333,-119.34996484
UMAT_0050572,252034,45.84096536,-119.37023649
UMAT_0050575,252031,45.81638162,-119.35365486
UMAT_0050576,252030,45.818468,-119.253957
UMAT_0050585,252053,45.691974,-119.39059693
UMAT_0050587,252052,45.73864174,-119.28225654
UMAT_0050591,252055,45.804744,-119.41656285
UMAT_0050592,252056,45.804744,-119.41656285
UMAT_0050593,252057,45.7829954,-119.40111866
UMAT_0050594,252058,45.7829954,-119.40111866
UMAT_0050598,252062,45.85555652,-119.39032759
UMAT_0050612,252078,45.86104956,-119.25237483
UMAT_0050613,252080,45.90985977,-119.38268236
UMAT_0050625,252087,45.87721663,-119.26818809
UMAT_0050626,252088,45.85864477,-119.28747866
UMAT_0050627,252089,45.85114349,-119.25631939
UMAT_0050628,252090,45.86987754,-119.25257001
UMAT_0050649,247214,45.87376446,-119.32029629
UMAT_0050652,247372,45.87373251,-119.30990927
UMAT_0050654,247215,45.81513648,-119.29803502
UMAT_0050662,252162,45.87370712,-119.29427763
UMAT_0050664,252164,45.88306,-119.29409
UMAT_0050788,252189,45.86636303,-119.2734066
UMAT_0052459,253483,45.80475156,-119.37508574
UMAT_0052464,253485,45.80475156,-119.37508574
UMAT_0052465,253486,45.80475156,-119.37508574
UMAT_0052466,253487,45.80475156,-119.37508574
UMAT_0052467,253488,45.80475156,-119.37508574
UMAT_0053066,254050,45.86253562,-119.28743679
UMAT_0053069,254051,45.86253562,-119.28743679
UMAT_0053082,254053,45.86253562,-119.28743679
UMAT_0053085,254054,45.86253562,-119.28743679
UMAT_0053087,254055,45.86253562,-119.28743679
UMAT_0053265,254572,45.91711875,-119.34119727
UMAT_0053461,254783,45.79358467,-119.31879183
UMAT_0053479,254810,45.79750183,-119.3802901
UMAT_0053480,254811,45.79750183,-119.3802901
UMAT_0053481,254812,45.79750183,-119.3802901
UMAT_0053482,254813,45.79750183,-119.3802901
UMAT_0053518,254847,45.79730374,-119.32919769
UMAT_0053519,254848,45.79730374,-119.32919769
UMAT_0053520,254849,45.79730374,-119.32919769
UMAT_0053521,254850,45.79730374,-119.32919769
UMAT_0053522,254851,45.79730374,-119.32919769
UMAT_0053523,254852,45.79730374,-119.32919769
UMAT_0053524,254853,45.79730374,-119.32919769
UMAT_0053525,254854,45.79730374,-119.32919769
UMAT_0053526,254855,45.79730374,-119.32919769
UMAT_0053527,254856,45.79730374,-119.32919769
UMAT_0053528,254857,45.79730374,-119.32919769
UMAT_0053574,254951,45.83197708,-119.34025799
UMAT_0053612,254935,45.87721663,-119.26818809
UMAT_0053686,254982,45.81319034,-119.27989352
UMAT_0053687,254983,45.81854198,-119.27207917
UMAT_0053688,254984,45.81854198,-119.27207917
UMAT_0053724,255028,45.87721663,-119.26818809
UMAT_0053725,255027,45.87636545,-119.26582121
UMAT_0053780,255063,45.79730374,-119.32919769
UMAT_0053781,255064,45.79730374,-119.32919769
UMAT_0053783,255066,45.79730374,-119.32919769
UMAT_0053784,255067,45.79730374,-119.32919769
UMAT_0053785,255068,45.79730374,-119.32919769
UMAT_0053786,255069,45.79730374,-119.32919769
UMAT_0053787,255070,45.79730374,-119.32919769
UMAT_0053788,255073,45.79730374,-119.32919769
UMAT_0053789,255074,45.79730374,-119.32919769
UMAT_0054304,308297,45.87502741,-119.2705359
UMAT_0054351,310194,45.85507183,-119.30309788
UMAT_0054408,312560,45.83734237,-119.37023871
UMAT_0054413,313083,45.85474248,-119.25105985
UMAT_0054432,313914,45.87010456,-119.30469218
UMAT_0054435,314323,45.82242183,-119.30319748
UMAT_0054445,314422,45.81991687,-119.32797287
UMAT_0054448,314656,45.87369924,-119.28907183
UMAT_0054452,315173,45.84093262,-119.34996994
UMAT_0054453,315174,45.8372563,-119.33959663
UMAT_0054457,315411,45.83079063,-119.32158491
UMAT_0054466,316295,45.87732306,-119.29428882
UMAT_0054467,316296,45.83734237,-119.37023871
UMAT_0054476,316998,45.83723149,-119.33439347
UMAT_0054512,318631,45.86234091,-119.25096356
UMAT_0054513,318632,45.86104636,-119.25305931
UMAT_0054526,319394,45.87641599,-119.2667749
UMAT_0054527,319395,45.87644626,-119.26784346
UMAT_0054528,319396,45.8761305,-119.266787
UMAT_0054529,319397,45.87616069,-119.26784959
UMAT_0054533,319557,45.826042,-119.30320802
UMAT_0054542,320478,45.79707041,-119.30318017
UMAT_0054556,322340,45.87376446,-119.32029629
UMAT_0054557,322341,45.86987754,-119.25257001
UMAT_0054561,322345,45.86987754,-119.25257001
UMAT_0054563,322347,45.87733004,-119.29949671
UMAT_0054564,322349,45.87369924,-119.28907183
UMAT_0054565,322350,45.83360121,-119.33440726
UMAT_0054566,322351,45.8070946,-119.33613693
UMAT_0054570,322359,45.9027437,-119.42431384
UMAT_0054576,322371,45.87733458,-119.30471087
UMAT_0054581,322391,45.78673701,-119.32254317
UMAT_0054586,322577,45.74953173,-119.25628226
UMAT_0054651,323963,45.84746388,-119.2511327
UMAT_0054674,324381,45.79015461,-119.35005002
UMAT_0054679,324510,45.85852211,-119.26667271
UMAT_0054687,325187,45.90880674,-119.38809615
UMAT_0054692,325264,45.90985464,-119.39312345
UMAT_0054694,325542,45.85542695,-119.34465469
UMAT_0054697,325701,45.88823015,-119.30990913
UMAT_0054701,325778,45.81896957,-119.32396149
UMAT_0054705,326103,45.83362926,-119.33961051
UMAT_0054713,326433,45.88462576,-119.32033071
UMAT_0054714,326434,45.89547944,-119.32036242
UMAT_0054715,326435,45.89185952,-119.32034239
UMAT_0054724,326716,45.80822192,-119.33432046
UMAT_0054728,327194,45.89987556,-119.30760846
UMAT_0054729,327195,45.89911037,-119.31518731
UMAT_0054730,327196,45.83004138,-119.33178053
UMAT_0054761,328202,45.8774133,-119.36189342
UMAT_0054762,328482,45.84410446,-119.28762292
UMAT_0054763,328483,45.84410446,-119.28762292
UMAT_0054769,329509,45.81162328,-119.31360899
UMAT_0054772,329643,45.86282955,-119.34466561
UMAT_0054782,330475,45.84198,-119.36315
UMAT_0054809,332060,45.91348145,-119.36706108
UMAT_0054810,332062,45.85509065,-119.3082915
UMAT_0054816,332132,45.83365,-119.33391
UMAT_0054827,332526,45.86707938,-119.26341826
UMAT_0054834,332769,45.81847855,-119.26164438
UMAT_0054837,332953,45.86399,-119.27691
UMAT_0054839,333085,45.82367599,-119.31295986
UMAT_0054840,333325,45.81883164,-119.30838887
UMAT_0054842,333542,45.86647083,-119.29946647
UMAT_0054843,333543,45.86647083,-119.29946647
UMAT_0054847,334024,45.87733458,-119.30471087
UMAT_0054849,334027,45.83197708,-119.34025799
UMAT_0054850,334028,45.86987754,-119.25257001
UMAT_0054851,334030,45.81903192,-119.32916675
UMAT_0054852,334031,45.81903192,-119.32916675
UMAT_0054855,334034,45.87011676,-119.30989654
UMAT_0054856,334035,45.86987754,-119.25257001
UMAT_0054861,334041,45.833706,-119.320847
UMAT_0054863,334066,45.79600599,-119.41612051
UMAT_0054865,334296,45.90987351,-119.37224532
UMAT_0054883,335495,45.8706045,-119.25205717
UMAT_0054884,335496,45.86719287,-119.26302875
UMAT_0054894,336418,45.818445,-119.256674
UMAT_0054917,338089,45.90985253,-119.3879006
UMAT_0054919,338091,45.83723149,-119.33439347
UMAT_0054938,338475,45.78594,-119.25375
UMAT_0054964,338705,45.78642944,-119.32927215
UMAT_0054965,338706,45.72900913,-119.24930758
UMAT_0054976,339667,45.89906056,-119.29429588
UMAT_0054977,339669,45.81184262,-119.33433479
UMAT_0054984,340126,45.83723149,-119.33439347
UMAT_0054985,340188,45.72405353,-119.26666602
UMAT_0054993,340369,45.84762961,-119.27199759
UMAT_0054994,340370,45.84750619,-119.25635367
UMAT_0054998,340380,45.88618005,-119.2813893
UMAT_0054999,340381,45.88618005,-119.2813893
UMAT_0055007,341318,45.82784018,-119.30063711
UMAT_0055010,341554,45.87376446,-119.32029629
UMAT_0055011,341577,45.84088611,-119.33955234
UMAT_0055028,341837,45.91711746,-119.35157732
UMAT_0055029,341838,45.9170889,-119.36191157
UMAT_0055042,343008,45.87376446,-119.32029629
UMAT_0055044,343039,45.87739947,-119.35163259
UMAT_0055047,343149,45.91348293,-119.36191146
UMAT_0055052,343444,45.81273345,-119.33821643
UMAT_0055056,343531,45.87008298,-119.29426569
UMAT_0055065,343670,45.90986598,-119.39835295
UMAT_0055079,343795,45.89912018,-119.3099771
UMAT_0055080,343796,45.88461511,-119.31512293
UMAT_0055086,344265,45.8668066,-119.30560181
UMAT_0055090,344483,45.88088997,-119.27864124
UMAT_0055091,344487,45.85398042,-119.35215784
UMAT_0055092,344489,45.76841213,-119.3958844
UMAT_0055093,344490,45.75363248,-119.43203806
UMAT_0055094,344492,45.76471702,-119.41658752
UMAT_0055097,344497,45.84795766,-119.357552
UMAT_0055098,344498,45.84286,-119.3576
UMAT_0055102,345286,45.86771945,-119.26474263
UMAT_0055103,345287,45.86574478,-119.26506455
UMAT_0055118,345841,45.89912018,-119.3099771
UMAT_0055119,345897,45.82594896,-119.28770167
UMAT_0055122,345900,45.82957884,-119.28770154
UMAT_0055123,345901,45.82957884,-119.28770154
UMAT_0055124,345902,45.88088997,-119.27864124
UMAT_0055125,345903,45.88088997,-119.27864124
UMAT_0055126,345904,45.88088997,-119.27864124
UMAT_0055133,346595,45.82598809,-119.29288315
UMAT_0055134,346597,45.85114349,-119.25631939
UMAT_0055154,347676,45.81168085,-119.31878271
UMAT_0055161,347955,45.84746388,-119.2511327
UMAT_0055164,348528,45.88462576,-119.32033071
UMAT_0055166,348662,45.86759407,-119.26391054
UMAT_0055172,348960,45.90985253,-119.3879006
UMAT_0055174,348967,45.70488247,-119.37712277
UMAT_0055193,349799,45.86647083,-119.29946647
UMAT_0055194,349800,45.86554227,-119.263689
UMAT_0055201,349982,45.80479,-119.301
UMAT_0055210,350615,45.91708104,-119.37228261
UMAT_0055213,350962,45.83723149,-119.33439347
UMAT_0055223,351554,45.87011676,-119.30989654
UMAT_0055224,351560,45.87007196,-119.28905691
UMAT_0055225,351591,45.8650111,-119.26388103
UMAT_0055230,351673,45.90637354,-119.30485451
UMAT_0055243,352410,45.84090973,-119.34475751
UMAT_0055244,352411,45.83861111,-119.36694444
UMAT_0055245,352412,45.83805555,-119.36583333
UMAT_0055246,352413,45.83694444,-119.36666666
UMAT_0055247,352414,45.83694444,-119.36305555
UMAT_0055249,352422,45.83694444,-119.365
UMAT_0055250,352423,45.83833333,-119.36333333
UMAT_0055251,352424,45.83861111,-119.36444444
UMAT_0055270,353232,45.77898554,-119.30322499
UMAT_0055273,353473,45.82245266,-119.30838306
UMAT_0055280,354294,45.84746388,-119.2511327
UMAT_0055290,354760,45.87344988,-119.24738021
UMAT_0055300,355539,45.86987754,-119.25257001
UMAT_0055303,355752,45.89911037,-119.31518731
UMAT_0055304,355754,45.89912018,-119.3099771
UMAT_0055335,358389,45.790258,-119.326764
UMAT_0055338,358510,45.78485596,-119.32717229
UMAT_0055340,358906,45.83843409,-119.34198774
UMAT_0055383,359937,45.87011676,-119.30989654
UMAT_0055390,360165,45.81887067,-119.31357839
UMAT_0055391,360181,45.85550941,-119.36545173
UMAT_0055392,360463,45.90985464,-119.39312345
UMAT_0055395,360714,45.85076,-119.25054
UMAT_0055397,360832,45.90985253,-119.3879006
UMAT_0055399,360930,45.90986598,-119.39835295
UMAT_0055422,361546,45.8366752,-119.26685371
UMAT_0055443,363481,45.79561843,-119.41604901
UMAT_0055461,365023,45.90265336,-119.39830152
UMAT_0055466,365903,45.86567735,-119.30627041
UMAT_0055471,366062,45.85487789,-119.26672122
UMAT_0055474,366330,45.81195799,-119.34993985
UMAT_0055475,366331,45.86607895,-119.26189543
UMAT_0055476,366332,45.8407407,-119.32395592
UMAT_0055481,366336,45.87344988,-119.24738021
UMAT_0055483,366338,45.83551,-119.33006
UMAT_0055488,366785,45.79700131,-119.29279133
UMAT_0055489,366786,45.80081867,-119.31879893
UMAT_0055490,366787,45.79710435,-119.30839088
UMAT_0055491,366788,45.79703551,-119.29798037
UMAT_0055492,366789,45.79703551,-119.29798037
UMAT_0055497,367318,45.82843661,-119.32109705
UMAT_0055499,367445,45.8845119,-119.27862751
UMAT_0055513,368415,45.78253131,-119.29277583
UMAT_0055524,368775,45.86650439,-119.30988284
UMAT_0055530,369400,45.83745,-119.33097
UMAT_0055531,369401,45.86631681,-119.26298145
UMAT_0055553,370679,45.82684,-119.285
UMAT_0055579,371836,45.79023896,-119.39069042
UMAT_0055580,371878,45.65005952,-119.41197427
UMAT_0055586,372506,45.85550941,-119.36545173
UMAT_0055587,372509,45.7788402,-119.2823732
UMAT_0055595,373992,45.79024981,-119.370353
UMAT_0055597,373994,45.80779338,-119.34426364
UMAT_0055600,374342,45.79750183,-119.3802901
UMAT_0055602,374344,45.83892,-119.35238
UMAT_0055604,374347,45.85114349,-119.25631939
UMAT_0055610,374637,45.80007275,-119.38252787
UMAT_0055612,374639,45.86636303,-119.2734066
UMAT_0055613,374641,45.86234091,-119.25096356
UMAT_0055616,374719,45.80484,-119.30093
UMAT_0055617,374726,45.78535,-119.36848
UMAT_0055618,374728,45.78957,-119.36509
UMAT_0055620,374934,45.86551775,-119.26528069
UMAT_0055628,374990,45.89547944,-119.32036242
UMAT_0055629,374991,45.83718331,-119.32919325
UMAT_0055630,374992,45.85843195,-119.25622719
UMAT_0055634,375003,45.84207199,-119.258983
UMAT_0055636,375004,45.86631681,-119.26298145
UMAT_0055640,375142,45.84023,-119.35307
UMAT_0055641,375143,45.83506958,-119.34124398
UMAT_0055645,375147,45.85110006,-119.25110423
UMAT_0055647,375149,45.86618635,-119.25933413
UMAT_0055655,375583,45.85664,-119.31113
UMAT_0055656,375585,45.85664,-119.31113
UMAT_0055658,375588,45.79011035,-119.33965718
UMAT_0055659,375800,45.79015461,-119.35005002
UMAT_0055661,375921,45.90276911,-119.42951677
UMAT_0055663,375953,45.84746388,-119.2511327
UMAT_0055664,375958,45.85619,-119.31234
UMAT_0055670,376676,45.72405353,-119.26666602
UMAT_0055676,377223,45.86282955,-119.34466561
UMAT_0055679,377428,45.65088889,-119.41222222
UMAT_0055693,377801,45.85513223,-119.31348282
UMAT_0055694,377802,45.82135,-119.32081
UMAT_0055697,377909,45.87014469,-119.32028053
UMAT_0055698,377946,45.91344912,-119.38788907
UMAT_0055704,378170,45.87007196,-119.28905691
UMAT_0055715,379785,45.84746388,-119.2511327
UMAT_0055717,379787,45.87014469,-119.32028053
UMAT_0055720,379978,45.80170524,-119.43486426
UMAT_0055721,379979,45.80335209,-119.41850085
UMAT_0055722,379980,45.80110683,-119.43221375
UMAT_0055724,379983,45.80110683,-119.43221375
UMAT_0055726,380237,45.85114349,-119.25631939
UMAT_0055731,380370,45.80010494,-119.43001187
UMAT_0055736,380626,45.68194,-119.3936
UMAT_0055741,381665,45.84746388,-119.2511327
UMAT_0055750,382234,45.87373251,-119.30990927
UMAT_0055755,382727,45.85114349,-119.25631939
UMAT_0055793,385081,45.82594896,-119.28770167
UMAT_0055800,385782,45.85487789,-119.26672122
UMAT_0055809,386041,45.68249458,-119.39330512
UMAT_0055835,386774,45.88809367,-119.26814334
UMAT_0055838,386786,45.89185947,-119.30990417
UMAT_0055840,386896,45.80800595,-119.37029163
UMAT_0055843,387718,45.87814324,-119.31800666
UMAT_0055844,387719,45.89548504,-119.32558197
UMAT_0055849,387727,45.87376446,-119.32029629
UMAT_0055852,387790,45.86736,-119.30611
UMAT_0055855,387985,45.85118741,-119.26153683
UMAT_0055858,387990,45.86625165,-119.24735946
UMAT_0055866,388701,45.84754927,-119.26157074
UMAT_0055872,389662,45.86984633,-119.24737444
UMAT_0055875,390068,45.90602246,-119.53451692
UMAT_0055876,390142,45.90627261,-119.40870517
UMAT_0055881,390542,45.88455125,-119.28907971
UMAT_0055882,390617,45.85483304,-119.26149396
UMAT_0055890,391598,45.91345959,-119.3774607
UMAT_0055893,392806,45.86973071,-119.24983296
UMAT_0055894,392808,45.84750619,-119.25635367
UMAT_0055898,393761,45.84746388,-119.2511327
UMAT_0055899,393770,45.87376446,-119.32029629
UMAT_0055900,393771,45.83723149,-119.33439347
UMAT_0055901,393772,45.87373251,-119.30990927
UMAT_0055904,393774,45.870094,-119.2994775
UMAT_0055906,393777,45.82589941,-119.28249552
UMAT_0055913,393794,45.83734237,-119.37023871
UMAT_0055916,393797,45.87011676,-119.30989654
UMAT_0055919,393800,45.82239168,-119.29802974
UMAT_0055920,393801,45.81842819,-119.25120269
UMAT_0055924,393888,45.83718331,-119.32919325
UMAT_0055937,395680,45.83718331,-119.32919325
UMAT_0055938,395762,45.85509065,-119.3082915
UMAT_0055939,395783,45.87008298,-119.29426569
UMAT_0055941,396129,45.8121392,-119.35297048
UMAT_0055944,396799,45.82621972,-119.67741198
UMAT_0055960,398981,45.82606909,-119.30838533
UMAT_0055962,399051,45.82606909,-119.30838533
UMAT_0055966,399793,45.84047216,-119.28765429
UMAT_0055967,400006,45.82580009,-119.27206367
UMAT_0055970,400189,45.84746388,-119.2511327
UMAT_0055972,400252,45.87014469,-119.32028053
UMAT_0055973,400253,45.85843195,-119.25622719
UMAT_0055974,400254,45.80475156,-119.37508574
UMAT_0055989,401681,45.8753178,-119.3011172
UMAT_0055990,401841,45.84762961,-119.27199759
UMAT_0056009,403325,45.82244,-119.35215
UMAT_0056024,405863,45.84088611,-119.33955234
UMAT_0056025,406738,45.81977914,-119.32589541
UMAT_0056027,407105,45.90276911,-119.42951677
UMAT_0056045,408365,45.79015461,-119.35005002
UMAT_0056047,408507,45.91348145,-119.36706108
UMAT_0056048,409093,45.83664487,-119.26165014
UMAT_0056056,409552,45.80045742,-119.37353946
UMAT_0056073,410853,45.90274325,-119.30480674
UMAT_0056086,411043,45.91351613,-119.33085932
UMAT_0056087,411048,45.89911037,-119.31518731
UMAT_0056088,411053,45.870094,-119.2994775
UMAT_0056089,411055,45.87373251,-119.30990927
UMAT_0056090,411059,45.84088611,-119.33955234
UMAT_0056091,411061,45.82598809,-119.29288315
UMAT_0056100,411539,45.91344912,-119.38788907
UMAT_0056101,411683,45.62607639,-119.4330182
UMAT_0056108,412714,45.84746388,-119.2511327
UMAT_0056111,412852,45.89910299,-119.32039944
UMAT_0056115,413012,45.8811842,-119.50232365
UMAT_0056116,413103,45.83079063,-119.32158491
UMAT_0056119,413335,45.8111,-119.33153
UMAT_0056120,413339,45.88823498,-119.31512305
UMAT_0056123,413686,45.85483304,-119.26149396
UMAT_0056124,413689,45.83519,-119.34053
UMAT_0056126,413696,45.84770066,-119.28240988
UMAT_0056127,413698,45.89910299,-119.32039944
UMAT_0056128,413700,45.86492049,-119.25939066
UMAT_0056129,413701,45.82554,-119.3522
UMAT_0056131,413703,45.83724,-119.32592
UMAT_0056133,413705,45.90274325,-119.30480674
UMAT_0056134,413706,45.84383514,-119.25114561
UMAT_0056138,414044,45.87371423,-119.29948787
UMAT_0056147,415077,45.82875,-119.35296
UMAT_0056151,415344,45.81492723,-119.27209411
UMAT_0056168,416765,45.84222573,-119.27982266
UMAT_0056172,416783,45.85871863,-119.30308549
UMAT_0056173,416784,45.85867121,-119.2926803
UMAT_0056175,416786,45.78481066,-119.38290136
UMAT_0056176,416787,45.78481066,-119.38290136
UMAT_0056177,416789,45.91530442,-119.35933235
UMAT_0056178,416790,45.8664522,-119.29425575
UMAT_0056196,417229,45.870094,-119.2994775
UMAT_0056200,417785,45.8366752,-119.26685371
UMAT_0056202,417865,45.87373251,-119.30990927
UMAT_0056207,418604,45.87011676,-119.30989654
UMAT_0056213,418775,45.84196,-119.34139
UMAT_0056224,419727,45.87011676,-119.30989654
UMAT_0056243,421270,45.8372563,-119.33959663
UMAT_0056279,424495,45.89185593,-119.31512305
UMAT_0056280,424939,45.82594896,-119.28770167
UMAT_0056286,425438,45.83320833,-119.28770154
UMAT_0056288,425466,45.88650515,-119.28897035
UMAT_0056294,426320,45.81403445,-119.35331858
UMAT_0056298,426602,45.78294621,-119.36568645
UMAT_0056310,426763,45.870094,-119.2994775
UMAT_0056316,427138,45.82430511,-119.35179544
UMAT_0056317,427139,45.82636012,-119.47351036
UMAT_0056318,427141,45.82406692,-119.3518002
UMAT_0056320,427248,45.87013097,-119.31508888
UMAT_0056321,427399,45.82954779,-119.35347309
UMAT_0056324,427548,45.82957884,-119.28770154
UMAT_0056325,427588,45.85497787,-119.28232644
UMAT_0056377,427897,45.83067041,-119.3518933
UMAT_0056378,428077,45.87370712,-119.29427763
UMAT_0056379,428137,45.87373251,-119.30990927
UMAT_0056394,428842,45.76805747,-119.33445313
UMAT_0056398,428925,45.82629829,-119.35192326
UMAT_0056400,429496,45.90625977,-119.37745298
UMAT_0056402,429734,45.870094,-119.2994775
UMAT_0056411,430150,45.872564,-119.28678
UMAT_0056413,430483,45.8184164,-119.33414788
UMAT_0056414,430496,45.86266109,-119.31348041
UMAT_0056415,430497,45.86266109,-119.31348041
UMAT_0056416,430498,45.86266109,-119.31348041
UMAT_0056417,430499,45.86266109,-119.31348041
UMAT_0056418,430500,45.86266109,-119.31348041
UMAT_0056419,430501,45.86266109,-119.31348041
UMAT_0056420,430525,45.82594896,-119.28770167
UMAT_0056427,431196,45.87011676,-119.30989654
UMAT_0056431,431403,45.89911037,-119.31518731
UMAT_0056434,431659,45.82406132,-119.3222617
UMAT_0056452,432622,45.85843195,-119.25622719
UMAT_0056454,432642,45.85843195,-119.25622719
UMAT_0056462,432755,45.87319904,-119.28842692
UMAT_0056469,433031,45.60316332,-119.41521236
UMAT_0056471,433146,45.85894786,-119.25271731
UMAT_0056473,433151,45.865146,-119.288784
UMAT_0056474,433153,45.865117,-119.288612
UMAT_0056475,433155,45.864892,-119.288623
UMAT_0056476,433156,45.86496,-119.288725
UMAT_0056482,433675,45.84424137,-119.26404287
UMAT_0056486,434833,45.91341665,-119.3593781
UMAT_0056497,435128,45.91348482,-119.3567482
UMAT_0056500,435132,45.81579759,-119.35333766
UMAT_0056501,435133,45.81438141,-119.35328559
UMAT_0056503,435135,45.90986676,-119.37746356
UMAT_0056504,435136,45.84992,-119.26723
UMAT_0056506,435138,45.84088611,-119.33955234
UMAT_0056508,435140,45.87733458,-119.30471087
UMAT_0056509,435141,45.85587,-119.25943
UMAT_0056511,435143,45.84992,-119.26723
UMAT_0056513,435145,45.86558728,-119.25830303
UMAT_0056519,435154,45.87371423,-119.29948787
UMAT_0056520,435155,45.87131,-119.31754
UMAT_0056542,436573,45.86381847,-119.25079658
UMAT_0056544,436773,45.854472,-119.267631
UMAT_0056545,436784,45.86323678,-119.25248388
UMAT_0056548,437229,45.87610853,-119.29547258
UMAT_0056549,437417,45.82639374,-119.28770296
UMAT_0056572,437930,45.86546131,-119.25872237
UMAT_0056599,438497,45.71684942,-119.28219758
UMAT_0056600,438500,45.73299957,-119.28689527
UMAT_0056612,438937,45.84324,-119.28902
UMAT_0056617,439419,45.830012,-119.352783
UMAT_0056619,439564,45.80473495,-119.29916309
UMAT_0056621,439584,45.82962006,-119.35245296
UMAT_0056625,439867,45.86485853,-119.28963328
UMAT_0056631,439957,45.83245243,-119.35226049
UMAT_0056657,441717,45.82594896,-119.28770167
UMAT_0056658,442039,45.88818757,-119.29427728
UMAT_0056662,442156,45.80081867,-119.31879893
UMAT_0056663,442157,45.80081867,-119.31879893
UMAT_0056665,442159,45.80081867,-119.31879893
UMAT_0056667,442161,45.80081867,-119.31879893
UMAT_0056669,442163,45.80081867,-119.31879893
UMAT_0056672,442864,45.77451,-119.332511
UMAT_0056678,443950,45.79878461,-119.38543081
UMAT_0056684,444652,45.904875,-119.410275
UMAT_0056686,444741,45.83723149,-119.33439347
UMAT_0056690,444978,45.86943983,-119.30981073
UMAT_0056697,445250,45.83154679,-119.32251723
UMAT_0056698,445417,45.8646163,-119.33544109
UMAT_0056701,445427,45.77140568,-119.27717399
UMAT_0056702,445428,45.77140568,-119.27717399
UMAT_0056703,445429,45.77140568,-119.27717399
UMAT_0056704,445430,45.77140568,-119.27717399
UMAT_0056705,445431,45.77140568,-119.27717399
UMAT_0056706,445432,45.77140568,-119.27717399
UMAT_0056707,445433,45.77140568,-119.27717399
UMAT_0056708,445434,45.77140568,-119.27717399
UMAT_0056709,445435,45.77140568,-119.27717399
UMAT_0056710,445436,45.77140568,-119.27717399
UMAT_0056711,445437,45.77140568,-119.27717399
UMAT_0056712,445438,45.77140568,-119.27717399
UMAT_0056713,445439,45.77140568,-119.27717399
UMAT_0056714,445440,45.77140568,-119.27717399
UMAT_0056715,445441,45.77140568,-119.27717399
UMAT_0056716,445442,45.77140568,-119.27717399
UMAT_0056717,445443,45.79010312,-119.48397788
UMAT_0056718,445444,45.79010312,-119.48397788
UMAT_0056719,445445,45.79010312,-119.48397788
UMAT_0056720,445446,45.79010312,-119.48397788
UMAT_0056721,445447,45.79010312,-119.48397788
UMAT_0056752,446426,45.76277812,-119.31353531
UMAT_0056767,446872,45.83723149,-119.33439347
UMAT_0056771,447668,45.81693,-119.27962
UMAT_0056772,447849,45.8331663,-119.28250101
UMAT_0056773,447850,45.8331663,-119.28250101
UMAT_0056774,447851,45.8331663,-119.28250101
UMAT_0056775,447852,45.8331663,-119.28250101
UMAT_0056776,447853,45.8331663,-119.28250101
UMAT_0056777,447854,45.8331663,-119.28250101
UMAT_0056778,447855,45.8331663,-119.28250101
UMAT_0056779,447856,45.8331663,-119.28250101
UMAT_0056780,447857,45.8331663,-119.28250101
UMAT_0056781,447858,45.8331663,-119.28250101
UMAT_0056782,447859,45.8331663,-119.28250101
UMAT_0056783,447860,45.85148534,-119.31348114
UMAT_0056784,447861,45.85148534,-119.31348114
UMAT_0056785,447862,45.85148534,-119.31348114
UMAT_0056786,447863,45.85148534,-119.31348114
UMAT_0056787,447864,45.85148534,-119.31348114
UMAT_0056788,447865,45.85148534,-119.31348114
UMAT_0056789,447901,45.79352707,-119.31356671
UMAT_0056790,447903,45.79352707,-119.31356671
UMAT_0056791,447904,45.79352707,-119.31356671
UMAT_0056792,447905,45.79352707,-119.31356671
UMAT_0056793,447906,45.79352707,-119.31356671
UMAT_0056794,447907,45.79352707,-119.31356671
UMAT_0056804,448077,45.77346,-119.286
UMAT_0056805,448078,45.77095,-119.28522
UMAT_0056806,448079,45.76976,-119.28696
UMAT_0056807,448080,45.7735,-119.28877
UMAT_0056824,448375,45.81197943,-119.35514192
UMAT_0056831,448788,45.80835083,-119.35515238
UMAT_0056841,449581,45.83993,-119.34126
UMAT_0056865,451551,45.87008298,-119.29426569
UMAT_0056872,452135,45.85519717,-119.31867173
UMAT_0056878,453919,45.84750619,-119.25635367
UMAT_0056880,454056,45.8559,-119.2995
UMAT_0056881,454083,45.835403,-119.271799
UMAT_0056885,455208,45.828148,-119.286793
UMAT_0056886,455212,45.81917117,-119.34474085
UMAT_0056891,455532,45.84746388,-119.2511327
UMAT_0056892,455583,45.81923643,-119.35512101
UMAT_0056910,455992,45.86977985,-119.25042478
UMAT_0056913,456547,45.819371,-119.255709
UMAT_0056915,456695,45.84391888,-119.26159587
UMAT_0056916,456739,45.83008428,-119.4164905
UMAT_0056917,456740,45.83008428,-119.4164905
UMAT_0056918,456741,45.82831887,-119.41185077
UMAT_0056919,456742,45.8259555,-119.41858996
UMAT_0056920,456743,45.82713657,-119.41434489
UMAT_0056921,456907,45.88839254,-119.51290108
UMAT_0056923,456962,45.8556607,-119.31066282
UMAT_0056924,457021,45.87370712,-119.29427763
UMAT_0056925,457039,45.84049889,-119.29283947
UMAT_0056926,457040,45.84049889,-119.29283947
UMAT_0056927,457041,45.84049889,-119.29283947
UMAT_0056928,457042,45.84049889,-119.29283947
UMAT_0056932,457389,45.850944,-119.254718
UMAT_0056939,457804,45.61288,-118.80354
UMAT_0056961,458872,45.91732399,-119.29440433
UMAT_0056963,459592,45.682825,-119.38380726
UMAT_0056964,459593,45.71183254,-119.36259613
UMAT_0056968,459849,45.91711074,-119.3463939
UMAT_0056969,459850,45.91711074,-119.3463939
UMAT_0056970,459851,45.91711074,-119.3463939
UMAT_0056971,459852,45.91711074,-119.3463939
UMAT_0056974,460154,45.79358467,-119.31879183
UMAT_0056975,460155,45.79358467,-119.31879183
UMAT_0056976,460156,45.79358467,-119.31879183
UMAT_0056977,460157,45.79358467,-119.31879183
UMAT_0056978,460158,45.79358467,-119.31879183
UMAT_0056979,460159,45.79358467,-119.31879183
UMAT_0056983,460400,45.83102,-119.34612
UMAT_0056984,460853,45.86583,-119.22934
UMAT_0056991,461118,45.86901,-119.30435
UMAT_0056993,461411,45.86749,-119.2611
UMAT_0056994,461495,45.84015,-119.36227
UMAT_0056996,461743,45.84102,-119.25665
UMAT_0057012,462465,45.86407,-119.26627
UMAT_0057013,462467,45.86443,-119.27316
UMAT_0057024,462855,45.82126,-119.30254
UMAT_0057029,463729,45.82644868,-119.42688725
UMAT_0057033,463987,45.82644868,-119.42688725
UMAT_0057034,463990,45.88607,-119.52966
UMAT_0057047,464760,45.80758,-119.28458
UMAT_0057058,465024,45.80881,-119.28764
UMAT_0057061,465219,45.84721291,-119.25314976
UMAT_0057064,465361,45.87369924,-119.28907183
UMAT_0057071,465927,45.81966667,-119.27561111
UMAT_0057072,465928,45.81966667,-119.27666667
UMAT_0057073,465929,45.81966667,-119.27763889
UMAT_0057074,465930,45.81966667,-119.27869444
UMAT_0057075,465931,45.81875278,-119.27913889
UMAT_0057076,465932,45.81824444,-119.27913889
UMAT_0057077,465933,45.81782778,-119.27911111
UMAT_0057078,465934,45.81700556,-119.27911111
UMAT_0057079,465935,45.81701389,-119.27866667
UMAT_0057080,465936,45.81803889,-119.27616667
UMAT_0057081,465937,45.81803889,-119.27677778
UMAT_0057082,465938,45.81848889,-119.27677778
UMAT_0057083,465939,45.81924722,-119.27866667
UMAT_0057084,465940,45.81926389,-119.27763889
UMAT_0057085,465941,45.81927222,-119.27663889
UMAT_0057086,465942,45.81925833,-119.27561111
UMAT_0057087,465943,45.81699444,-119.27777778
UMAT_0057088,465944,45.81685556,-119.27725
UMAT_0057089,465945,45.81703333,-119.27658333
UMAT_0057090,465946,45.81685556,-119.27616667
UMAT_0057091,466021,45.89674,-119.32366
UMAT_0057092,466059,45.89909753,-119.32561591
UMAT_0057093,466252,45.87521,-119.29808
UMAT_0057096,466316,45.86047,-119.29857
UMAT_0057097,466397,45.76226,-119.26475
UMAT_0057098,466492,45.88457672,-119.2994927
UMAT_0057099,466493,45.88457672,-119.2994927
UMAT_0057102,466594,45.76249688,-119.26479928
UMAT_0057114,468556,45.82633,-119.34691
UMAT_0057115,468559,45.821,-119.36604
UMAT_0057117,469083,45.70994531,-119.37594746
UMAT_0057119,469377,45.80831,-119.28879
UMAT_0057124,469865,45.85971,-119.29994
UMAT_0057129,470297,45.80498,-119.30131
UMAT_0057130,470309,45.80484,-119.30093
UMAT_0057136,470637,45.91368057,-119.31008499
UMAT_0057137,470640,45.91368057,-119.31008499
UMAT_0057138,470643,45.9136411,-119.29437969
UMAT_0057139,470644,45.9136411,-119.29437969
UMAT_0057140,470649,45.9136411,-119.29437969
UMAT_0057141,470650,45.9136411,-119.29437969
UMAT_0057142,470651,45.91368057,-119.31008499
UMAT_0057146,470766,45.84175,-119.29312
UMAT_0057147,470767,45.84129,-119.29294
UMAT_0057148,470768,45.84151,-119.29325
UMAT_0057149,470769,45.84166,-119.2933
UMAT_0057150,470770,45.84138,-119.29324
UMAT_0057151,470771,45.84179,-119.29292
UMAT_0057152,470772,45.84152,-119.29343
UMAT_0057156,471075,45.886224,-119.286719
UMAT_0057168,472355,45.87241,-119.30917
UMAT_0057173,472581,45.83521,-119.26755
UMAT_0057177,473252,45.85894,-119.28865
UMAT_0057180,473343,45.85794,-119.30019
UMAT_0057184,473462,45.84077812,-119.67241478
UMAT_0057185,473463,45.84365,-119.66927
UMAT_0057186,473464,45.84077812,-119.67241478
UMAT_0057187,473465,45.84077812,-119.67241478
UMAT_0057188,473466,45.84365,-119.66928
UMAT_0057189,473467,45.84077812,-119.67241478
UMAT_0057190,473468,45.84077812,-119.67241478
UMAT_0057191,473469,45.84077812,-119.67241478
UMAT_0057192,473470,45.84365,-119.66928
UMAT_0057193,473552,45.84077812,-119.67241478
UMAT_0057195,473667,45.78704,-119.32209
UMAT_0057200,474039,45.83831,-119.36346
UMAT_0057201,474066,45.81005,-119.33257
UMAT_0057202,474497,45.80112251,-119.37033721
UMAT_0057203,474498,45.80112251,-119.37033721
UMAT_0057204,474501,45.80112251,-119.37033721
UMAT_0057205,474502,45.80112251,-119.37033721
UMAT_0057206,474503,45.80112251,-119.37033721
UMAT_0057207,474504,45.80112251,-119.37033721
UMAT_0057208,474505,45.80112251,-119.37033721
UMAT_0057209,474506,45.80112251,-119.37033721
UMAT_0057210,474507,45.80112251,-119.37033721
UMAT_0057211,474508,45.80112251,-119.37033721
UMAT_0057213,474918,45.85351363,-119.31331183
UMAT_0057214,475264,45.89016,-119.31343
UMAT_0057216,475297,45.85425,-119.25007
UMAT_0057221,475549,45.89382,-119.26524
UMAT_0057225,475906,45.90874,-119.3995
UMAT_0057226,475955,45.92467036,-119.30486573
UMAT_0057227,475956,45.92467036,-119.30486573
UMAT_0057233,476397,45.80112251,-119.37033721
UMAT_0057234,476398,45.80112251,-119.37033721
UMAT_0057240,477184,45.86787,-119.2597
UMAT_0057241,477263,45.84589183,-119.34692686
UMAT_0057242,477303,45.86724,-119.25828
UMAT_0057243,477334,45.8543,-119.25014
UMAT_0057244,477428,45.82854,-119.42962
UMAT_0057245,477429,45.82646229,-119.41650309
UMAT_0057248,477747,45.87303,-119.29735
UMAT_0057249,477897,45.84051527,-119.29801831
UMAT_0057250,477898,45.84051527,-119.29801831
UMAT_0057251,477899,45.84051527,-119.29801831
UMAT_0057252,477900,45.84051527,-119.29801831
UMAT_0057253,477901,45.84051527,-119.29801831
UMAT_0057254,477902,45.84051527,-119.29801831
UMAT_0057255,477903,45.84051527,-119.29801831
UMAT_0057256,477904,45.84051527,-119.29801831
UMAT_0057269,479405,45.84777748,-119.29795258
UMAT_0057276,480097,45.83692153,-119.30840655
UMAT_0057277,480098,45.83692153,-119.30840655
UMAT_0057278,480099,45.83692153,-119.30840655
UMAT_0057279,480100,45.83692153,-119.30840655
UMAT_0057291,481298,45.92804491,-119.32560938
UMAT_0057294,481380,45.8700798,-119.29869453
UMAT_0057298,481523,45.834521,-119.295701
UMAT_0057299,481743,45.87071,-119.30699
UMAT_0057301,481893,45.81997703,-119.3236254
UMAT_0057308,481928,45.85287,-119.2529
UMAT_0057319,482822,45.84824278,-119.40598823
UMAT_0057320,482823,45.84824278,-119.40598823
UMAT_0057321,482824,45.84824278,-119.40598823
UMAT_0057346,483275,45.86635,-119.30705
UMAT_0057379,485319,45.8366752,-119.26685371
UMAT_0057381,485442,45.84049889,-119.29283947
UMAT_0057382,485443,45.83972,-119.29108
UMAT_0057383,485444,45.84054,-119.29177
UMAT_0057384,485445,45.84004,-119.29146
UMAT_0057386,486090,45.87171,-119.31089
UMAT_0057390,486320,45.87181419,-119.30896195
UMAT_0057391,486385,45.8838,-119.29549
UMAT_0057392,486509,45.83892,-119.31879
UMAT_0057398,487078,45.82115071,-119.33509381
UMAT_0057405,487157,45.84049889,-119.29283947
UMAT_0057406,487158,45.84049889,-119.29283947
UMAT_0057407,487159,45.84049889,-119.29283947
UMAT_0057408,487160,45.84049889,-119.29283947
UMAT_0057412,487755,45.82827383,-119.36248914
UMAT_0057415,487758,45.85724675,-119.32123953
UMAT_0057422,487765,45.85724675,-119.32123953
UMAT_0057423,487766,45.78481066,-119.38290136
UMAT_0057426,487842,45.80474919,-119.29894578
UMAT_0057427,487911,45.82022273,-119.31952235
UMAT_0057428,488000,45.78416745,-119.35730881
UMAT_0057433,490660,45.79964,-119.37447
UMAT_0057439,491745,45.92455894,-119.31524224
UMAT_0057440,491746,45.92455894,-119.31524224
UMAT_0057441,491747,45.92455894,-119.31524224
UMAT_0057442,491748,45.92455894,-119.31524224
UMAT_0057444,492016,45.8268,-119.31184
UMAT_0057445,492021,45.79936,-119.37442
UMAT_0057448,492324,45.8474,-119.25042
UMAT_0057449,492325,45.83596,-119.36128
UMAT_0057452,492491,45.79720127,-119.31879658
UMAT_0057453,492492,45.79720127,-119.31879658
UMAT_0057454,492493,45.79720127,-119.31879658
UMAT_0057455,492494,45.79720127,-119.31879658
UMAT_0057456,492495,45.79720127,-119.31879658
UMAT_0057457,492496,45.79720127,-119.31879658
UMAT_0057458,492497,45.79720127,-119.31879658
UMAT_0057459,492498,45.79720127,-119.31879658
UMAT_0057460,492499,45.79720127,-119.31879658
UMAT_0057461,492500,45.79720127,-119.31879658
UMAT_0057462,492501,45.79720127,-119.31879658
UMAT_0057463,492502,45.79720127,-119.31879658
UMAT_0057464,492503,45.79720127,-119.31879658
UMAT_0057465,493021,45.84007,-119.29143
UMAT_0057466,493022,45.8402,-119.29139
UMAT_0057467,493023,45.83984,-119.29142
UMAT_0057468,493063,45.83973,-119.31883
UMAT_0057469,493240,45.78578,-119.32211
UMAT_0057473,493504,45.79683965,-119.27208531
UMAT_0057474,493505,45.80045124,-119.27210112
UMAT_0057475,493506,45.80049494,-119.27727306
UMAT_0057476,493507,45.80053806,-119.28245124
UMAT_0057477,493508,45.80058154,-119.28763546
UMAT_0057478,493509,45.80058154,-119.28763546
UMAT_0057479,493510,45.79322829,-119.27206968
UMAT_0057480,493511,45.79322829,-119.27206968
UMAT_0057481,493512,45.79322829,-119.27206968
UMAT_0057482,493513,45.79322829,-119.27206968
UMAT_0057483,493514,45.79322829,-119.27206968
UMAT_0057486,493715,45.89956,-119.31097
UMAT_0057491,493720,45.86533,-119.29931
UMAT_0057493,493923,45.851769,-119.44770081
UMAT_0057494,493924,45.851769,-119.44770081
UMAT_0057495,493925,45.851769,-119.44770081
UMAT_0057500,494446,45.83722,-119.32599
UMAT_0057503,494679,45.9108307,-119.3984406
UMAT_0057516,495342,45.828977,-119.320648
UMAT_0057517,495391,45.86899,-119.30839
UMAT_0057523,496195,45.84418,-119.26349
UMAT_0057524,496310,45.83915,-119.31844
UMAT_0057525,496332,45.87335,-119.29012
UMAT_0057527,496479,45.84418,-119.26349
UMAT_0057530,496609,45.80012048,-119.38248024
UMAT_0057531,496610,45.80011142,-119.38254008
UMAT_0057532,496834,45.907071,-119.407691
UMAT_0057533,496900,45.88276,-119.31804
UMAT_0057534,496983,45.897202,-119.286114
UMAT_0057536,497052,45.8254,-119.2546
UMAT_0057537,497053,45.823897,-119.254608
UMAT_0057545,497199,45.842782,-119.37261
UMAT_0057546,497200,45.84277902,-119.37259189
UMAT_0057548,497380,45.79964,-119.37447
UMAT_0057558,497768,45.85148534,-119.31348114
UMAT_0057559,497772,45.84780812,-119.3083134
UMAT_0057560,497799,45.84059208,-119.31356306
UMAT_0057561,497800,45.83692153,-119.30840655
UMAT_0057566,498016,45.775388,-119.408605
UMAT_0057569,498302,45.81559,-119.31556
UMAT_0057571,498542,45.87274,-119.24927
UMAT_0057574,500333,45.83771,-119.3428
UMAT_0057575,500519,45.911701,-119.370113
UMAT_0057576,500520,45.64989,-119.40817
UMAT_0057596,500819,45.83202,-119.33495
UMAT_0057597,500868,45.79314863,-119.25114767
UMAT_0057598,500869,45.79314863,-119.25114767
UMAT_0057599,500871,45.79314863,-119.25114767
UMAT_0057600,500872,45.79314863,-119.25114767
UMAT_0057601,500873,45.82533,-119.25467
UMAT_0057602,500874,45.79314863,-119.25114767
UMAT_0057603,500875,45.79314863,-119.25114767
UMAT_0057604,500876,45.79314863,-119.25114767
UMAT_0057618,503448,45.8889,-119.318735
UMAT_0057623,503692,45.87371,-119.31534
UMAT_0057624,503740,45.82656,-119.32067
UMAT_0057627,503797,45.844142,-119.352281
UMAT_0057632,505184,45.867915,-119.30486
UMAT_0057644,506262,45.846683,-119.283622
UMAT_0057651,507266,45.67598,-119.38095
UMAT_0057654,508176,45.847587,-119.256748
UMAT_0057658,508239,45.91191,-119.39038
UMAT_0057659,508398,45.84037,-119.35614
UMAT_0057661,508612,45.91716083,-119.32564385
UMAT_0057662,508613,45.91716083,-119.32564385
UMAT_0057663,508614,45.91716083,-119.32564385
UMAT_0057664,508615,45.91716083,-119.32564385
UMAT_0057665,508616,45.91716083,-119.32564385
UMAT_0057666,508617,45.91716083,-119.32564385
UMAT_0057667,508618,45.91716083,-119.32564385
UMAT_0057668,508619,45.91716083,-119.32564385
UMAT_0057669,508620,45.91716083,-119.32564385
UMAT_0057670,508621,45.91716083,-119.32564385
UMAT_0057671,508622,45.91716083,-119.32564385
UMAT_0057674,509428,45.85187,-119.31332
UMAT_0057676,509778,45.867762,-119.26139
UMAT_0057677,510149,45.84777748,-119.29795258
UMAT_0057678,510150,45.84777748,-119.29795258
UMAT_0057679,510151,45.84777748,-119.29795258
UMAT_0057684,511024,45.68344,-119.37654
UMAT_0057685,511025,45.68288,-119.36218
UMAT_0057686,511026,45.64631,-119.34174
UMAT_0057688,511451,45.873205,-119.290059
UMAT_0057698,513753,45.880782,-119.277313
UMAT_0057700,514133,45.898713,-119.323888
UMAT_0057705,515537,45.783859,-119.293355
UMAT_0057706,516069,45.826019,-119.321651
UMAT_0057712,517345,45.851876,-119.323539
UMAT_0057713,517581,45.871303,-119.263084
UMAT_0057715,518659,45.79248,-119.3807
UMAT_0057721,519168,45.818793,-119.353708
UMAT_0057722,519170,45.825316,-119.309345
UMAT_0057726,519447,45.6678352,-119.3518471
UMAT_0057727,519448,45.6883044,-119.3319891
UMAT_0057728,519449,45.6972698,-119.3413314
UMAT_0057729,519450,45.68344,-119.37654
UMAT_0057730,519451,45.68344,-119.37654
UMAT_0057731,519462,45.704587,-119.359202
UMAT_0057736,520077,45.867196,-119.305821
UMAT_0057737,520393,45.874219,-119.310736
UMAT_0057739,520511,45.865726,-119.305852
UMAT_0057740,520579,45.860035,-119.305282
UMAT_0057741,520599,45.88704,-119.279684
UMAT_0057742,520746,45.858945,-119.305156
UMAT_0057746,520964,45.87199,-119.2488
UMAT_0057749,521098,45.82934106,-119.25643007
UMAT_0057750,521099,45.82934106,-119.25643007
UMAT_0057751,521122,45.82392702,-119.25125547
UMAT_0057752,521144,45.871758,-119.309202
UMAT_0057753,521192,45.82398943,-119.25898987
UMAT_0057754,521226,45.82039,-119.29676
UMAT_0057777,521431,45.84468123,-119.26247044
UMAT_0057813,522010,45.787829,-119.378726
UMAT_0057814,522081,45.70305,-119.396
UMAT_0057815,522192,45.79061,-119.36137
UMAT_0057816,522582,45.858753,-119.256638
UMAT_0057818,522605,45.873707,-119.315356
UMAT_0057822,523888,45.912911,-119.38212
UMAT_0057831,525341,45.911802,-119.359691
UMAT_0057833,525512,45.83529458,-119.31692815
UMAT_0057834,525513,45.83530766,-119.3170274
UMAT_0057835,525514,45.83530766,-119.3170274
UMAT_0057836,525515,45.83539222,-119.31692346
UMAT_0057839,526090,45.82991,-119.34527
UMAT_0057840,526317,45.84912,-119.25607
UMAT_0057858,526766,45.84566,-119.25582
UMAT_0057861,526961,45.845,-119.26328
UMAT_0057867,527017,45.84722,-119.2567
UMAT_0057870,527303,45.80424061,-119.29283944
UMAT_0057871,527304,45.7934172,-119.29794632
UMAT_0057872,527305,45.7934172,-119.29794632
UMAT_0057873,527306,45.7934172,-119.29794632
UMAT_0057874,527307,45.7934172,-119.29794632
UMAT_0057875,527308,45.7934172,-119.29794632
UMAT_0057876,527309,45.7934172,-119.29794632
UMAT_0057877,527310,45.7934172,-119.29794632
UMAT_0057878,527311,45.7934172,-119.29794632
UMAT_0057879,527312,45.7934172,-119.29794632
UMAT_0057880,527313,45.7934172,-119.29794632
UMAT_0057881,527314,45.7934172,-119.29794632
UMAT_0057882,527315,45.7934172,-119.29794632
UMAT_0057883,527316,45.7934172,-119.29794632
UMAT_0057884,527317,45.7934172,-119.29794632
UMAT_0057885,527318,45.7934172,-119.29794632
UMAT_0057886,527319,45.7934172,-119.29794632
UMAT_0057887,527320,45.7934172,-119.29794632
UMAT_0057888,527321,45.7934172,-119.29794632
UMAT_0057889,527322,45.7934172,-119.29794632
UMAT_0057890,527323,45.7934172,-119.29794632
UMAT_0057891,527324,45.7934172,-119.29794632
UMAT_0057892,527325,45.7934172,-119.29794632
UMAT_0057893,527326,45.7934172,-119.29794632
UMAT_0057894,527327,45.7934172,-119.29794632
UMAT_0057895,527328,45.7934172,-119.29794632
UMAT_0057896,527329,45.7934172,-119.29794632
UMAT_0057897,527330,45.7934172,-119.29794632
UMAT_0057898,527331,45.7934172,-119.29794632
UMAT_0057899,527332,45.7934172,-119.29794632
UMAT_0057900,527333,45.7934172,-119.29794632
UMAT_0057901,527334,45.7934172,-119.29794632
UMAT_0057902,527335,45.7934172,-119.29794632
UMAT_0057903,527337,45.7934172,-119.29794632
UMAT_0057904,527338,45.7934172,-119.29794632
UMAT_0057905,527339,45.7934172,-119.29794632
UMAT_0057906,527340,45.7934172,-119.29794632
UMAT_0057907,527341,45.7934172,-119.29794632
UMAT_0057908,527342,45.7934172,-119.29794632
UMAT_0057909,527343,45.7934172,-119.29794632
UMAT_0057910,527344,45.7934172,-119.29794632
UMAT_0057911,527345,45.7934172,-119.29794632
UMAT_0057912,527346,45.7934172,-119.29794632
UMAT_0057913,527347,45.7934172,-119.29794632
UMAT_0057914,527348,45.7934172,-119.29794632
UMAT_0057915,527349,45.7934172,-119.29794632
UMAT_0057916,527549,45.871299,-119.313363
UMAT_0057920,529247,45.86758,-119.27633
UMAT_0057921,529496,45.79917,-119.35722
UMAT_0057922,529825,45.84307,-119.25723
UMAT_0057927,530675,45.88036,-119.31679
UMAT_0057931,531323,45.907265,-119.386867
UMAT_0057948,531544,45.84049889,-119.29283947
UMAT_0057949,531551,45.84049889,-119.29283947
UMAT_0057950,531553,45.84049889,-119.29283947
UMAT_0057951,531554,45.84049889,-119.29283947
UMAT_0057952,531555,45.84049889,-119.29283947
UMAT_0057953,531556,45.84049889,-119.29283947
UMAT_0057954,531557,45.84049889,-119.29283947
UMAT_0057955,531558,45.84049889,-119.29283947
UMAT_0057956,531559,45.84049889,-119.29283947
UMAT_0057957,531560,45.84049889,-119.29283947
UMAT_0057958,531572,45.839665,-119.291557
UMAT_0057959,531576,45.839852,-119.291387
UMAT_0057960,531577,45.840076,-119.291432
UMAT_0057961,531578,45.840216,-119.291419
UMAT_0057981,532814,45.882786,-119.328152
UMAT_0057982,533166,45.84413024,-119.29280593
UMAT_0057983,533167,45.84413024,-119.29280593
UMAT_0057984,533168,45.84413024,-119.29280593
UMAT_0057985,533169,45.84413024,-119.29280593
UMAT_0057986,533170,45.84413024,-119.29280593
UMAT_0057987,533171,45.84413024,-119.29280593
UMAT_0057988,533172,45.84413024,-119.29280593
UMAT_0057989,533173,45.84413024,-119.29280593
UMAT_0057990,533174,45.84413024,-119.29280593
UMAT_0057991,533175,45.84413024,-119.29280593
UMAT_0057992,533176,45.84413024,-119.29280593
UMAT_0057993,533177,45.84413024,-119.29280593
UMAT_0057994,533178,45.84413024,-119.29280593
UMAT_0057995,533179,45.84413024,-119.29280593
UMAT_0057996,533180,45.84413024,-119.29280593
UMAT_0057997,533181,45.84413024,-119.29280593
UMAT_0057998,533182,45.84413024,-119.29280593
UMAT_0058008,533393,45.868413,-119.301656
UMAT_0058009,533394,45.808069,-119.364484
UMAT_0058010,533516,45.88457672,-119.2994927
UMAT_0058011,533517,45.88457672,-119.2994927
UMAT_0058012,533518,45.88457672,-119.2994927
UMAT_0058013,533519,45.88457672,-119.2994927
UMAT_0058014,533520,45.88457672,-119.2994927
UMAT_0058015,533523,45.799542,-119.359354
UMAT_0058016,533524,45.816334,-119.315588
UMAT_0058035,534495,45.869614,-119.314052
UMAT_0058040,534500,45.824349,-119.317515
UMAT_0058052,534775,45.90735,-119.38706
UMAT_0058055,534930,45.910612,-119.389916
UMAT_0058100,535732,45.8208,-119.251103
UMAT_0058101,535770,45.820619,-119.253083
UMAT_0058105,535974,45.832943,-119.333562
UMAT_0058106,536146,45.86678,-119.26018
UMAT_0058108,536264,45.854966,-119.269024
UMAT_0058111,536553,45.799542,-119.359354
UMAT_0058115,537184,45.831572,-119.28733861
UMAT_0058116,537285,45.8503,-119.25343
UMAT_0058117,537405,45.85500865,-119.28751741
UMAT_0058128,538193,45.83049,-119.3476
UMAT_0058129,538194,45.844095,-119.263979
UMAT_0058130,538196,45.84425,-119.26412
UMAT_0058131,538255,45.91716083,-119.32564385
UMAT_0058132,538256,45.91716083,-119.32564385
UMAT_0058133,538257,45.91716083,-119.32564385
UMAT_0058134,538258,45.91716083,-119.32564385
UMAT_0058135,538260,45.91716083,-119.32564385
UMAT_0058136,538261,45.91716083,-119.32564385
UMAT_0058137,538262,45.91716083,-119.32564385
UMAT_0058138,538263,45.91716083,-119.32564385
UMAT_0058139,538264,45.91716083,-119.32564385
UMAT_0058141,538420,45.86002,-119.30601
UMAT_0058144,538686,45.89289,-119.31618
UMAT_0058145,538749,45.85319,-119.24988
UMAT_0058146,538779,45.83738,-119.32392
UMAT_0058149,539107,45.89324,-119.28477
UMAT_0058150,539108,45.8213,-119.31844
UMAT_0058152,539342,45.829595,-119.345752
UMAT_0058156,539507,45.868192,-119.304204
UMAT_0058158,539509,45.8693,-119.30497
UMAT_0058159,539511,45.868683,-119.305626
UMAT_0058160,539513,45.870661,-119.300785
UMAT_0058163,539693,45.80825,-119.42236111
UMAT_0058164,539694,45.81180556,-119.42083333
UMAT_0058165,539695,45.80747222,-119.42183333
UMAT_0058166,539769,45.91344912,-119.38788907
UMAT_0058167,539852,45.86894,-119.29116
UMAT_0058168,539948,45.871446,-119.307059
UMAT_0058170,539957,45.8617,-119.34127
UMAT_0058172,540046,45.840781,-119.353392
UMAT_0058173,540088,45.863336,-119.334946
UMAT_0058174,540234,45.789412,-119.365516
UMAT_0058178,540611,45.914945,-119.35743
UMAT_0058179,540612,45.829807,-119.352253
UMAT_0058190,541853,45.73196202,-119.3701588
UMAT_0058191,541921,45.810044,-119.421497
UMAT_0058193,542466,45.78294621,-119.36568645
UMAT_0058197,542812,45.8438767,-119.2563765
UMAT_0058201,543318,45.869023,-119.314737
UMAT_0058202,543319,45.86986271,-119.31540139
UMAT_0058203,543353,45.85137148,-119.28755582
UMAT_0058206,543649,45.8438767,-119.2563765
UMAT_0058208,543719,45.8897,-119.29195
UMAT_0058210,543796,45.86993701,-119.26297847
UMAT_0058213,543898,45.80472921,-119.43213468
UMAT_0058214,544182,45.871183,-119.298702
UMAT_0058219,544822,45.8516537,-119.25191307
UMAT_0058221,544890,45.85137148,-119.28755582
UMAT_0058222,544891,45.85137148,-119.28755582
UMAT_0058223,544893,45.89992,-119.30786
UMAT_0058225,545146,45.80497,-119.30135
UMAT_0058226,545272,45.88727,-119.31799
UMAT_0058227,545348,45.87344988,-119.24738021
UMAT_0058231,545768,45.8845119,-119.27862751
UMAT_0058232,545769,45.84205,-119.35606
UMAT_0058239,546773,45.71147,-119.35749
UMAT_0058246,546932,45.87344988,-119.24738021
UMAT_0058257,549281,45.81903192,-119.32916675
UMAT_0058274,550098,45.87013097,-119.31508888
UMAT_0058282,551464,45.787354,-119.373272
UMAT_0058285,551706,45.871824,-119.245574
UMAT_0058287,551738,45.86848579,-119.29707279
UMAT_0058288,551808,45.86990159,-119.26524727
UMAT_0058293,552567,45.828821,-119.347213
UMAT_0058295,552975,45.84142362,-119.36638169
UMAT_0058296,554025,45.795,-119.305
UMAT_0058298,554455,45.89548901,-119.30992742
UMAT_0058300,554473,45.8665177,-119.31507392
UMAT_0058301,554515,45.86719189,-119.25831695
UMAT_0058305,554980,45.86647083,-119.29946647
UMAT_0058311,555694,45.85507183,-119.30309788
UMAT_0058313,555753,45.87369924,-119.28907183
UMAT_0058318,556978,45.85023164,-119.25043802
UMAT_0058319,556982,45.88461511,-119.31512293
UMAT_0058324,557315,45.87007196,-119.28905691
UMAT_0058328,557811,45.83901003,-119.35222069
UMAT_0058335,558341,45.79001411,-119.32403005
UMAT_0058352,558567,45.85474248,-119.25105985
UMAT_0058358,558937,45.8290639,-119.28262092
UMAT_0058362,559316,45.8664522,-119.29425575
UMAT_0058363,559317,45.8664522,-119.29425575
UMAT_0058366,559501,45.85904327,-119.33945584
UMAT_0058367,559654,45.8189156,-119.31876447
UMAT_0058374,559775,45.704587,-119.359202
UMAT_0058375,559776,45.68344,-119.37654
UMAT_0058376,559777,45.68288,-119.36218
UMAT_0058377,559778,45.64631,-119.34174
UMAT_0058378,559779,45.6678352,-119.3518471
UMAT_0058379,559781,45.6883044,-119.3319891
UMAT_0058380,559782,45.6972698,-119.3413314
UMAT_0058393,560530,45.86650439,-119.30988284
UMAT_0058399,560876,45.7136763,-119.55218435
UMAT_0058400,560877,45.7136763,-119.55218435
UMAT_0058405,562030,45.86641102,-119.28383316
UMAT_0058406,562031,45.88101057,-119.3203248
UMAT_0058407,562039,45.85500865,-119.28751741
UMAT_0058414,562482,45.87373251,-119.30990927
UMAT_0058419,563845,45.80782172,-119.28766563
UMAT_0058444,564450,45.89185952,-119.32034239
UMAT_0058446,565007,45.88643736,-119.2892664
UMAT_0058455,565840,45.82236035,-119.29288
UMAT_0058467,566454,45.83006917,-119.3499907
UMAT_0058471,566682,45.87373251,-119.30990927
UMAT_0058472,566807,45.72834735,-119.38540954
UMAT_0058482,567028,45.86635,-119.30705
UMAT_0058489,567493,45.85118741,-119.26153683
UMAT_0058494,567868,45.87705572,-119.24738356
UMAT_0058503,568192,45.85884904,-119.31867593
UMAT_0058504,568403,45.80785899,-119.29285408
UMAT_0058508,568655,45.77171277,-119.33448496
UMAT_0058516,568939,45.8749277,-119.29633128
UMAT_0058517,568947,45.80110072,-119.36037891
UMAT_0058518,568949,45.80110072,-119.36037891
UMAT_0058519,568950,45.80110072,-119.36037891
UMAT_0058522,569767,45.86895,-119.28687
UMAT_0058534,570326,45.831023,-119.270668
UMAT_0058537,570523,45.84762961,-119.27199759
UMAT_0058538,570524,45.84762961,-119.27199759
UMAT_0058539,570525,45.84762961,-119.27199759
UMAT_0058546,570657,45.83664487,-119.26165014
UMAT_0058551,570771,45.83305372,-119.34569718
UMAT_0058552,570936,45.84466842,-119.29108871
UMAT_0058553,570937,45.84475063,-119.29109944
UMAT_0058554,570938,45.84472447,-119.29088486
UMAT_0058555,571139,45.80401111,-119.36579444
UMAT_0058556,571140,45.80426111,-119.36516111
UMAT_0058557,571141,45.80417222,-119.366275
UMAT_0058559,571215,45.78478056,-119.36616667
UMAT_0058560,571216,45.78459444,-119.35230556
UMAT_0058561,571217,45.78476667,-119.34274444
UMAT_0058562,571218,45.776925,-119.33212778
UMAT_0058563,571219,45.76506111,-119.34274444
UMAT_0058564,571220,45.78883333,-119.35534722
UMAT_0058565,571221,45.78845556,-119.35538611
UMAT_0058566,571222,45.78925,-119.35522222
UMAT_0058568,571235,45.86638693,-119.27862006
UMAT_0058569,571241,45.8664522,-119.29425575
UMAT_0058570,571277,45.886375,-119.31747
UMAT_0058573,571548,45.91815,-119.33524167
UMAT_0058574,571549,45.91796389,-119.33525278
UMAT_0058575,571550,45.91803889,-119.33515833
UMAT_0058576,571551,45.91813889,-119.33497778
UMAT_0058577,571552,45.91795833,-119.33489444
UMAT_0058589,572707,45.87344988,-119.24738021
UMAT_0058597,573096,45.813523,-119.331322
UMAT_0058619,574158,45.899812,-119.32418
UMAT_0058621,574198,45.897958,-119.315005
UMAT_0058622,574234,45.91576,-119.307961
UMAT_0058623,574235,45.911773,-119.304715
UMAT_0058624,574241,45.92025,-119.326121
UMAT_0058625,574258,45.791663,-119.443774
UMAT_0058626,574272,45.86387,-119.302661
UMAT_0058627,574298,45.837742,-119.311564
UMAT_0058629,574314,45.8897,-119.28624
UMAT_0058630,574351,45.83234,-119.33956
UMAT_0058631,574377,45.7809,-119.32629722
UMAT_0058632,574378,45.7809,-119.32629722
UMAT_0058633,574379,45.77665833,-119.32491667
UMAT_0058634,574380,45.77629722,-119.32444444
UMAT_0058635,574430,45.82465556,-119.27241389
UMAT_0058636,574431,45.82381389,-119.27136389
UMAT_0058637,574432,45.82528056,-119.27313333
UMAT_0058641,574614,45.86667,-119.27782
UMAT_0058642,574852,45.92428469,-119.32370106
UMAT_0058644,574854,45.92437768,-119.32320231
UMAT_0058645,574855,45.92402039,-119.32362878
UMAT_0058646,574857,45.92403158,-119.32321304
UMAT_0058656,575642,45.85079,-119.25526
UMAT_0058666,576933,45.9170889,-119.36191157
UMAT_0058673,578559,45.83718331,-119.32919325
UMAT_0058674,578579,45.82213,-119.30875
UMAT_0058675,578580,45.82109154,-119.30745843
UMAT_0058676,578581,45.8215925,-119.30521475
UMAT_0058678,578656,45.8664522,-119.29425575
UMAT_0058681,579197,45.83601844,-119.31935089
UMAT_0058706,579758,45.8537839,-119.28987426
UMAT_0058707,579759,45.85382147,-119.28974566
UMAT_0058708,579760,45.85374778,-119.28973925
UMAT_0058709,579761,45.85399645,-119.2898382
UMAT_0058710,579762,45.85385156,-119.28928864
UMAT_0058711,579763,45.85386132,-119.28862882
UMAT_0058712,579764,45.85390574,-119.28908211
UMAT_0058715,579988,45.87960556,-119.342425
UMAT_0058716,579989,45.87683056,-119.34126389
UMAT_0058717,579990,45.87613333,-119.34063611
UMAT_0058718,579991,45.8761,-119.34245833
UMAT_0058719,579992,45.87718889,-119.34249167
UMAT_0058720,579993,45.88243333,-119.34100556
UMAT_0058721,579994,45.878325,-119.34102222
UMAT_0058722,579995,45.878325,-119.34102222
UMAT_0058723,579996,45.880525,-119.34106944
UMAT_0058724,579997,45.88153611,-119.33978056
UMAT_0058725,579998,45.88151389,-119.34237778
UMAT_0058726,579999,45.88337778,-119.34006944
UMAT_0058727,580000,45.88385,-119.34216667
UMAT_0058728,580001,45.88383889,-119.34216667
UMAT_0058731,580027,45.82380278,-119.34971944
UMAT_0058762,580128,45.84695,-119.25329444
UMAT_0058763,580129,45.84684167,-119.26771944
UMAT_0058766,580397,45.8504489,-119.31201881
UMAT_0058768,580614,45.84975765,-119.26218069
UMAT_0058770,580756,45.87638535,-119.30395478
UMAT_0058774,580895,45.769709,-119.403828
UMAT_0058775,580896,45.86841848,-119.27625244
UMAT_0058780,581062,45.85236735,-119.28920253
UMAT_0058781,581063,45.85236735,-119.28920253
UMAT_0058782,581064,45.85236735,-119.28920253
UMAT_0058783,581065,45.85236735,-119.28920253
UMAT_0058784,581066,45.85236735,-119.28920253
UMAT_0058785,581067,45.85236735,-119.28920253
UMAT_0058786,581068,45.85236735,-119.28920253
UMAT_0058787,581069,45.85236735,-119.28920253
UMAT_0058788,581070,45.85236735,-119.28920253
UMAT_0058789,581071,45.85236735,-119.28920253
UMAT_0058790,581072,45.85236735,-119.28920253
UMAT_0058791,581073,45.85236735,-119.28920253
UMAT_0058792,581074,45.85236735,-119.28920253
UMAT_0058793,581075,45.85236735,-119.28920253
UMAT_0058794,581076,45.85236735,-119.28920253
UMAT_0058795,581077,45.85236735,-119.28920253
UMAT_0058796,581078,45.85236735,-119.28920253
UMAT_0058797,581079,45.85236735,-119.28920253
UMAT_0058798,581080,45.85236735,-119.28920253
UMAT_0058799,581081,45.85236735,-119.28920253
UMAT_0058800,581082,45.85236735,-119.28920253
UMAT_0058802,581215,45.8498135,-119.28384854
UMAT_0058804,581632,45.83093349,-119.35246384
UMAT_0058805,581784,45.79941944,-119.29633056
UMAT_0058806,581785,45.79914167,-119.29881944
UMAT_0058807,581786,45.799025,-119.29648889
UMAT_0058808,581787,45.805475,-119.29205278
UMAT_0058809,581788,45.79905833,-119.29301111
UMAT_0058810,581789,45.79938889,-119.29140833
UMAT_0058811,581790,45.79961944,-119.29241389
UMAT_0058812,581791,45.79977222,-119.29411111
UMAT_0058813,581792,45.79985833,-119.29781667
UMAT_0058814,581793,45.80029444,-119.29941667
UMAT_0058815,581794,45.80029444,-119.29579722
UMAT_0058816,581795,45.80030833,-119.29259444
UMAT_0058817,581797,45.80030833,-119.29259444
UMAT_0058818,581800,45.80106667,-119.2941
UMAT_0058819,581801,45.80082778,-119.29731389
UMAT_0058820,581802,45.80213611,-119.29869722
UMAT_0058821,581803,45.80188056,-119.2966
UMAT_0058822,581804,45.80188611,-119.29441389
UMAT_0058823,581805,45.80220278,-119.29266944
UMAT_0058824,581806,45.80090278,-119.29169444
UMAT_0058825,581807,45.80182778,-119.29153333
UMAT_0058826,581808,45.80273889,-119.2916
UMAT_0058827,581809,45.80274444,-119.2945
UMAT_0058828,581810,45.80281111,-119.29755
UMAT_0058829,581811,45.803425,-119.29604444
UMAT_0058830,581812,45.80324167,-119.29310556
UMAT_0058831,581813,45.80385556,-119.29443333
UMAT_0058832,581814,45.80414722,-119.29452778
UMAT_0058833,581815,45.80408611,-119.29758889
UMAT_0058834,581816,45.8047,-119.29609167
UMAT_0058835,581828,45.80476111,-119.29286944
UMAT_0058836,581829,45.80440278,-119.29110556
UMAT_0058837,581830,45.80478056,-119.29090833
UMAT_0058838,581831,45.805475,-119.29205278
UMAT_0058839,581832,45.80548056,-119.29400556
UMAT_0058840,581833,45.80545833,-119.29540556
UMAT_0058841,581834,45.80544722,-119.29717222
UMAT_0058844,583008,45.85365846,-119.2714504
UMAT_0058847,587052,45.82156202,-119.37483883
UMAT_0058852,591361,45.89620309,-119.27825922
UMAT_0058853,592462,45.89126262,-119.27511966
UMAT_0058867,593158,45.81014,-119.42627
UMAT_0058886,595685,45.91446389,-119.34399444
UMAT_0058887,595686,45.91272222,-119.34399444
UMAT_0058888,595718,45.84979167,-119.28626667
UMAT_0058889,595719,45.84971667,-119.29360556
UMAT_0058890,595720,45.84960278,-119.27133889
UMAT_0058891,595721,45.91896111,-119.31497778
UMAT_0058892,595723,45.92046667,-119.31029722
UMAT_0058893,595724,45.79349444,-119.39281111
UMAT_0058894,595725,45.79349444,-119.39281111
UMAT_0058895,595726,45.84972222,-119.27950833
UMAT_0058896,595727,45.90469722,-119.31093333
UMAT_0058897,595728,45.90814722,-119.31830278
UMAT_0058898,595885,45.91277174,-119.38269784
UMAT_0058902,596120,45.85230965,-119.28934342
UMAT_0058906,596834,45.86495023,-119.33850026
UMAT_0058907,596870,45.8373242,-119.2648892
UMAT_0058915,596951,45.878854,-119.352179
UMAT_0058916,596952,45.850349,-119.275164
UMAT_0058917,596985,45.88986944,-119.34111111
UMAT_0058918,596987,45.89028056,-119.34016389
UMAT_0058919,596988,45.89028056,-119.33740278
UMAT_0058920,596989,45.89179722,-119.33375
UMAT_0058921,596990,45.89253889,-119.33476389
UMAT_0058922,596991,45.89163056,-119.33071111
UMAT_0058923,596992,45.8917,-119.33190833
UMAT_0058924,596993,45.88860833,-119.33057222
UMAT_0058925,596994,45.88860833,-119.33057222
UMAT_0058926,596995,45.89150278,-119.33591667
UMAT_0058927,596996,45.89254722,-119.33682222
UMAT_0058928,596997,45.89250278,-119.33875
UMAT_0058929,596998,45.89089722,-119.33213333
UMAT_0058930,596999,45.89185,-119.34003333
UMAT_0058931,597000,45.89228333,-119.33768333
UMAT_0058932,597001,45.89037778,-119.33065833
UMAT_0058933,597136,45.81278889,-119.27778889
UMAT_0058934,597138,45.81230556,-119.27347222
UMAT_0058935,597139,45.81210278,-119.27956111
UMAT_0058936,597140,45.80990278,-119.28357222
UMAT_0058937,597141,45.80930556,-119.28180278
UMAT_0058938,597142,45.80732778,-119.281
UMAT_0058939,597143,45.80831389,-119.27958611
UMAT_0058940,597144,45.80934444,-119.27839722
UMAT_0058941,597145,45.81080833,-119.27692222
UMAT_0058942,597146,45.80976944,-119.27667778
UMAT_0058943,597147,45.80815,-119.27707222
UMAT_0058944,597148,45.80663611,-119.27558333
UMAT_0058945,597149,45.80685833,-119.27383611
UMAT_0058946,597150,45.80841111,-119.2754
UMAT_0058947,597151,45.81036111,-119.27427222
UMAT_0058948,597152,45.80896389,-119.27249722
UMAT_0058949,597241,45.79970587,-119.36981717
UMAT_0058950,597242,45.799688,-119.3706286
UMAT_0058951,597455,45.842309,-119.293446
UMAT_0058952,597456,45.842305,-119.293499
UMAT_0058953,597457,45.842309,-119.293558
UMAT_0058954,597459,45.888525,-119.33966389
UMAT_0058955,597460,45.88816111,-119.33726389
UMAT_0058956,597461,45.88943889,-119.335875
UMAT_0058957,597462,45.89049722,-119.33436667
UMAT_0058958,597463,45.88897222,-119.34093889
UMAT_0058959,597464,45.88953889,-119.33971667
UMAT_0058960,597465,45.88895556,-119.33856389
UMAT_0058961,597466,45.88923889,-119.33731667
UMAT_0058962,597467,45.88982222,-119.33311944
UMAT_0058963,597468,45.88912778,-119.33418333
UMAT_0058964,597469,45.88860833,-119.33289722
UMAT_0058965,597470,45.88817778,-119.33554722
UMAT_0058966,597471,45.88915556,-119.33215
UMAT_0058967,597472,45.89080833,-119.33095556
UMAT_0058968,597473,45.88935556,-119.33068056
UMAT_0058976,598259,45.868084,-119.256244
UMAT_0058987,598651,45.89895817,-119.31273847
UMAT_0058988,598946,45.83636426,-119.3358449
UMAT_0058989,598979,45.82935237,-119.3470726
UMAT_0058993,599100,45.793545,-119.314297
UMAT_0058999,599429,45.90909964,-119.39303362
UMAT_0059001,599491,45.84727092,-119.24916393
UMAT_0059003,599514,45.84728773,-119.24941742
UMAT_0059008,599684,45.77389,-119.27408
UMAT_0059009,599685,45.773841,-119.274036
UMAT_0059010,599686,45.773808,-119.274103
UMAT_0059011,599687,45.773858,-119.274159
UMAT_0059015,600022,45.91066356,-119.38114202
UMAT_0059016,600041,45.87035713,-119.26318383
UMAT_0059018,600076,45.91151082,-119.38124394
UMAT_0059019,600315,45.773858,-119.274159
UMAT_0059020,600316,45.773858,-119.274159
UMAT_0059021,600381,45.89798297,-119.30955386
UMAT_0059022,600484,45.77701568,-119.37311685
UMAT_0059023,600556,45.828701,-119.402345
UMAT_0059024,600557,45.829418,-119.391649
UMAT_0059025,600558,45.83106324,-119.39097443
UMAT_0059026,600561,45.83007874,-119.39052684
UMAT_0059027,600562,45.83007874,-119.39052684
UMAT_0059028,600563,45.83007874,-119.39052684
UMAT_0059029,600597,45.77389,-119.27408
UMAT_0059030,600598,45.77389,-119.27408
UMAT_0059031,600599,45.77389,-119.27408
UMAT_0059032,600601,45.77389,-119.27408
UMAT_0059033,600602,45.77389,-119.27408
UMAT_0059034,600603,45.77389,-119.27408
UMAT_0059037,601229,45.80822,-119.41874
UMAT_0059038,601230,45.80737,-119.41923
UMAT_0059039,601231,45.80824,-119.41975
UMAT_0059040,601232,45.80777,-119.42037
UMAT_0059043,601417,45.84732884,-119.25419843
UMAT_0059045,601502,45.84105028,-119.3555408
UMAT_0059046,601528,45.90929373,-119.39751959
UMAT_0059049,601588,45.89060548,-119.2918942
UMAT_0059052,601720,45.79164274,-119.32742274
UMAT_0059059,602010,45.87020025,-119.31730545
UMAT_0059064,602457,45.827317,-119.348258
UMAT_0059065,602458,45.8753752,-119.3109253
UMAT_0059066,602459,45.826397,-119.349243
UMAT_0059067,602460,45.825618,-119.348398
UMAT_0059068,602461,45.8215254,-119.3092811
UMAT_0059073,602758,45.81693551,-119.27952117
UMAT_0059078,603139,45.868558,-119.310927
UMAT_0059084,603914,45.91796944,-119.32367778
UMAT_0059085,603915,45.91800278,-119.323325
UMAT_0059086,603922,45.79119015,-119.38026762
UMAT_0059098,604621,45.837742,-119.311564
UMAT_0059100,605217,45.87113777,-119.29729885
UMAT_0059107,605555,45.90581778,-119.40416965
UMAT_0059108,605556,45.86726,-119.2560714
UMAT_0059111,605561,45.83650912,-119.3311562
UMAT_0059112,605603,45.728857,-119.425187
UMAT_0059116,605921,45.79977778,-119.37025556
UMAT_0059117,606006,45.896463,-119.305477
UMAT_0059119,607259,45.8916765,-119.3414602
UMAT_0059120,607260,45.8929097,-119.3414512
UMAT_0059121,607261,45.8074052,-119.2689313
UMAT_0059122,607262,45.8916856,-119.3433297
UMAT_0059123,607263,45.892861,-119.3432573
UMAT_0059124,607264,45.8065037,-119.2688864
UMAT_0059125,607265,45.806526,-119.2710281
UMAT_0059126,607266,45.8073863,-119.2709446
UMAT_0059127,607275,45.84633487,-119.25190246
UMAT_0059132,607670,45.84938586,-119.25508356
UMAT_0059133,607671,45.86804128,-119.29071939
UMAT_0059138,608260,45.8790413,-119.2935989
UMAT_0059139,608262,45.855179,-119.2882576
UMAT_0059140,608263,45.8167136,-119.3216736
UMAT_0059143,608291,45.8893107,-119.3081571
UMAT_0059144,608292,45.88695179,-119.30611881
UMAT_0059145,608293,45.8890921,-119.30969795
UMAT_0059153,608743,45.83818437,-119.36277425
UMAT_0059154,608745,45.83723134,-119.36267233
UMAT_0059159,608937,45.83309016,-119.28018636
UMAT_0059168,609850,45.8356149,-119.33557665
UMAT_0059170,609951,45.79732432,-119.35751473
UMAT_0059179,610496,45.8995032,-119.285566
UMAT_0059181,610558,45.80442612,-119.36616325
UMAT_0059182,610559,45.80449343,-119.36583871
UMAT_0059183,610560,45.80456181,-119.36524888
UMAT_0059186,610763,45.85062452,-119.32119733
UMAT_0059187,610983,45.912197,-119.380418
UMAT_0059191,611119,45.80420954,-119.3651153
UMAT_0059194,611285,45.91755278,-119.34114167
UMAT_0059195,611286,45.91761667,-119.34118889
UMAT_0059197,611471,45.8039932,-119.36632996
UMAT_0059201,611671,45.8654306,-119.2775767
UMAT_0059202,611673,45.8219928,-119.30931831
UMAT_0059203,611769,45.83969095,-119.34950576
UMAT_0059208,612104,45.84980306,-119.26305165
UMAT_0059211,612435,45.8537967,-119.2591337
UMAT_0059214,612738,45.875997,-119.2966077
UMAT_0059217,613376,45.798525,-119.32171667
UMAT_0059221,614128,45.9198241,-119.33816499
UMAT_0059223,614281,45.6711083,-119.3865928
UMAT_0059224,614381,45.87528604,-119.30110839
UMAT_0059226,614481,45.87257577,-119.3175844
UMAT_0059234,614803,45.7532048,-119.4124687
UMAT_0059240,615288,45.864516,-119.291778
UMAT_0059246,615920,45.827408,-119.3214097
UMAT_0059247,616014,45.8036986,-119.37799761
UMAT_0059248,616015,45.8027212,-119.3816659
UMAT_0059249,616016,45.8026992,-119.3799838
UMAT_0059250,616017,45.80374,-119.3816632
UMAT_0059252,616118,45.72782042,-119.37019324
UMAT_0059260,617058,45.82567134,-119.28501973
UMAT_0059265,617268,45.830126,-119.414199
UMAT_0059270,617579,45.794251,-119.310293
UMAT_0059271,617580,45.857268,-119.300875
UMAT_0059274,617707,45.81338199,-119.26142042
UMAT_0059275,617711,45.86547211,-119.30123972
UMAT_0059281,617960,45.81740098,-119.32200468
UMAT_0059283,618088,45.9083786,-119.3969545
UMAT_0059284,618089,45.8667125,-119.2576141
UMAT_0059285,618090,45.8655727,-119.2570803
UMAT_0059302,618907,45.829856,-119.429898
UMAT_0059303,618908,45.829051,-119.429406
UMAT_0059304,618909,45.828415,-119.429661
UMAT_0059305,618910,45.828444,-119.429381
UMAT_0059306,618911,45.828438,-119.428411
UMAT_0059307,618912,45.828741,-119.429554
UMAT_0059308,618916,45.831589,-119.430557
UMAT_0059309,618918,45.831712,-119.428669
UMAT_0059311,618997,45.80388485,-119.36122751
UMAT_0059312,619163,45.9088254,-119.4059952
UMAT_0059313,619166,45.8074603,-119.2814257
UMAT_0059314,619167,45.8062894,-119.281484
UMAT_0059315,619168,45.8074568,-119.2796699
UMAT_0059316,619169,45.8063004,-119.2797071
UMAT_0059319,619231,45.79794248,-119.2501439
UMAT_0059320,619232,45.80130697,-119.2505477
UMAT_0059321,619233,45.79951562,-119.2513503
UMAT_0059322,619234,45.79773453,-119.2524211
UMAT_0059323,619235,45.80326659,-119.2508762
UMAT_0059324,619236,45.8023583,-119.2530012
UMAT_0059325,619237,45.80381355,-119.2550306
UMAT_0059326,619238,45.80405539,-119.2519083
UMAT_0059327,619239,45.80493593,-119.2535184
UMAT_0059328,619240,45.80421662,-119.2605991
UMAT_0059329,619241,45.80157635,-119.2557092
UMAT_0059330,619242,45.80160504,-119.2611919
UMAT_0059331,619243,45.80313678,-119.2609312
UMAT_0059332,619244,45.80240337,-119.2587898
UMAT_0059333,619245,45.8031238,-119.2560527
UMAT_0059334,619246,45.80327557,-119.2757227
UMAT_0059335,619247,45.80190012,-119.2759002
UMAT_0059336,619248,45.80340712,-119.2799775
UMAT_0059337,619249,45.80248552,-119.2779961
UMAT_0059338,619250,45.80346268,-119.2830329
UMAT_0059339,619251,45.8021919,-119.2810206
UMAT_0059340,619519,45.7070013,-119.3521653
UMAT_0059341,619520,45.7103329,-119.3582428
UMAT_0059342,619521,45.7048583,-119.3526668
UMAT_0059343,619522,45.710793,-119.3569171
UMAT_0059354,619954,45.85086311,-119.2631517
UMAT_0059376,621139,45.86906755,-119.27441025
UMAT_0059377,621472,45.86704114,-119.25740504
UMAT_0059382,621900,45.820451,-119.371083
UMAT_0059383,621901,45.820606,-119.371759
UMAT_0059384,621902,45.820186,-119.371412
UMAT_0059385,621953,45.820952,-119.369202
UMAT_0059386,622053,45.819595,-119.371953
UMAT_0059387,622054,45.820984,-119.372114
UMAT_0059388,622057,45.8379579,-119.3826694
UMAT_0059389,622253,45.90659454,-119.4005419
UMAT_0059391,622691,45.81789357,-119.30913416
UMAT_0059397,623704,45.9091417,-119.4314088
UMAT_0059398,623705,45.8176476,-119.3272003
UMAT_0059403,624380,45.80954216,-119.27716804
UMAT_0059407,624916,45.69035,-119.37845
UMAT_0059408,624917,45.69038,-119.37846
UMAT_0059409,624918,45.70198,-119.3953
UMAT_0059410,624919,45.702,-119.3953
UMAT_0059411,624920,45.702,-119.39528
UMAT_0059412,624921,45.702,-119.39524
UMAT_0059413,624922,45.70997,-119.35809
UMAT_0059414,624923,45.70994,-119.35807
UMAT_0059415,624924,45.70995,-119.35806
UMAT_0059416,624925,45.75085,-119.37063
UMAT_0059417,624926,45.75083,-119.37065
UMAT_0059418,624927,45.750825,-119.35802
UMAT_0059419,624928,45.75081,-119.37058
UMAT_0059420,625112,45.699744,-119.2921
UMAT_0059421,625113,45.692674,-119.293076
UMAT_0059426,625270,45.90869903,-119.38962146
UMAT_0059430,625516,45.806549,-119.272796
UMAT_0059432,626162,45.8884213,-119.3384005
UMAT_0059433,626163,45.883806,-119.3399237
UMAT_0059434,626164,45.8883886,-119.33595
UMAT_0059435,626165,45.8890339,-119.3367007
UMAT_0059436,626166,45.8887911,-119.3364941
UMAT_0059437,626167,45.8896471,-119.3366313
UMAT_0059438,626168,45.890301,-119.337455
UMAT_0059439,626169,45.8902075,-119.336226
UMAT_0059440,626170,45.8907916,-119.3366953
UMAT_0059441,626171,45.8908723,-119.3371627
UMAT_0059442,626172,45.8912667,-119.3375781
UMAT_0059443,626173,45.8927049,-119.3371543
UMAT_0059444,626174,45.8931081,-119.3379372
UMAT_0059445,626175,45.8901624,-119.3391217
UMAT_0059446,626176,45.8897328,-119.3383824
UMAT_0059447,626177,45.8907612,-119.3399807
UMAT_0059448,626178,45.8895867,-119.34072129
UMAT_0059449,626179,45.8884082,-119.3406938
UMAT_0059450,626180,45.8889232,-119.3403324
UMAT_0059451,626181,45.8889176,-119.3387412
UMAT_0059452,626814,45.914535,-119.3704227
UMAT_0059453,626815,45.87994459,-119.27648274
UMAT_0059469,628062,45.86875846,-119.27473879
UMAT_0059470,628141,45.74365125,-119.42541645
UMAT_0059471,628200,45.89275663,-119.25830713
UMAT_0059474,628450,45.76486,-119.34907
UMAT_0059475,628594,45.86461012,-119.38224474
UMAT_0059476,628595,45.8644091,-119.382003
UMAT_0059477,628596,45.842892,-119.382743
UMAT_0059478,628597,45.86080583,-119.36589246
UMAT_0059479,628598,45.85778397,-119.38187842
UMAT_0059480,628635,45.84467824,-119.27037188
UMAT_0059481,628702,45.82710097,-119.35058772
UMAT_0059482,628730,45.85007938,-119.26386919
UMAT_0059484,629073,45.852373,-119.372263
UMAT_0059486,629075,45.857218,-119.374034
UMAT_0059487,629076,45.849614,-119.374472
UMAT_0059488,629077,45.766137,-119.373966
UMAT_0059489,629078,45.752657,-119.371093
UMAT_0059490,629079,45.750676,-119.397837
UMAT_0059491,629080,45.753298,-119.412482
UMAT_0059492,629154,45.86861551,-119.3095167
UMAT_0059493,629204,45.7207,-119.41723
UMAT_0059496,629433,45.855002,-119.2636306
UMAT_0059533,629784,45.69039,-119.42576
UMAT_0059536,629854,45.848585,-119.374149
UMAT_0059537,629855,45.843779,-119.377595
UMAT_0059538,629856,45.8446683,-119.37341211
UMAT_0059539,629857,45.8458424,-119.3752685
UMAT_0059540,629858,45.862849,-119.373394
UMAT_0059541,629859,45.8573018,-119.3814228
UMAT_0059542,629860,45.763788,-119.3775628
UMAT_0059543,629861,45.762496,-119.3773096
UMAT_0059544,629862,45.7624932,-119.3772184
UMAT_0059545,629863,45.7075213,-119.3615842
UMAT_0059546,629864,45.7078793,-119.3639281
UMAT_0059547,629865,45.7080694,-119.3669114
UMAT_0059548,629866,45.7117334,-119.3945214
UMAT_0059549,629867,45.7127275,-119.3937536
UMAT_0059550,629868,45.7117126,-119.3945224
UMAT_0059551,629869,45.7117444,-119.3944895
UMAT_0059552,629870,45.7136548,-119.3930468
UMAT_0059553,629871,45.7008583,-119.3754938
UMAT_0059554,629872,45.7005459,-119.3730308
UMAT_0059555,629873,45.7010854,-119.3777321
UMAT_0059556,629874,45.86266969,-119.37358712
UMAT_0059557,629875,45.861479,-119.3747753
UMAT_0059558,629876,45.8611558,-119.377429
UMAT_0059561,630190,45.82064614,-119.25515612
UMAT_0059562,630277,45.83108749,-119.32146217
UMAT_0059568,630512,45.9218302,-119.3222214
UMAT_0059570,630660,45.80327,-119.309404
UMAT_0059571,630661,45.80472222,-119.31411111
UMAT_0059572,630662,45.80461111,-119.30658333
UMAT_0059573,630663,45.80502778,-119.30769444
UMAT_0059574,630664,45.80527778,-119.30833333
UMAT_0059575,630667,45.80486111,-119.31219444
UMAT_0059576,630668,45.80402778,-119.31408333
UMAT_0059577,630669,45.80375,-119.307
UMAT_0059578,630670,45.8035,-119.30666667
UMAT_0059579,630671,45.80425,-119.30819444
UMAT_0059580,630672,45.80588889,-119.30238889
UMAT_0059581,630673,45.80497222,-119.30408333
UMAT_0059582,630674,45.80494444,-119.30238889
UMAT_0059583,630675,45.80433333,-119.30336111
UMAT_0059584,630676,45.80347222,-119.30341667
UMAT_0059585,630677,45.80388889,-119.30408333
UMAT_0059586,630678,45.80425,-119.30533333
UMAT_0059587,630679,45.80344444,-119.30494444
UMAT_0059588,630680,45.80541667,-119.305
UMAT_0059589,630681,45.80541667,-119.30336111
UMAT_0059590,630682,45.80241667,-119.31297222
UMAT_0059591,630683,45.8055,-119.30661111
UMAT_0059592,630684,45.80213889,-119.31286111
UMAT_0059593,630685,45.80241667,-119.31555556
UMAT_0059594,630686,45.805,-119.30936111
UMAT_0059595,630687,45.80427778,-119.31013889
UMAT_0059596,630688,45.80588889,-119.30402778
UMAT_0059598,630937,45.8563077,-119.30163461
UMAT_0059599,631013,45.80211111,-119.31563889
UMAT_0059600,631014,45.80552778,-119.30708333
UMAT_0059601,631047,45.878953,-119.297261
UMAT_0059603,631219,45.84467824,-119.27037188
UMAT_0059604,631239,45.8368687,-119.2664228
UMAT_0059605,631258,45.8019536,-119.3000647
UMAT_0059606,631259,45.8012837,-119.3006307
UMAT_0059607,631260,45.8005009,-119.3011872
UMAT_0059608,631261,45.7999645,-119.3014662
UMAT_0059609,631262,45.7996844,-119.3015969
UMAT_0059610,631263,45.7995659,-119.3019972
UMAT_0059611,631264,45.7993198,-119.3021652
UMAT_0059612,631265,45.7990912,-119.3023795
UMAT_0059613,631266,45.7991482,-119.3026319
UMAT_0059614,631267,45.7987443,-119.3032009
UMAT_0059615,631268,45.7987918,-119.3032706
UMAT_0059616,631269,45.7984451,-119.3038044
UMAT_0059617,631270,45.7985159,-119.30397
UMAT_0059618,631271,45.7980737,-119.3048253
UMAT_0059619,631272,45.7980361,-119.308629
UMAT_0059620,631273,45.7980461,-119.3113853
UMAT_0059621,631274,45.7986218,-119.3156383
UMAT_0059622,631275,45.7980442,-119.3153845
UMAT_0059623,631276,45.7980033,-119.3167377
UMAT_0059624,631277,45.7980262,-119.3182957
UMAT_0059625,631278,45.798295,-119.3188831
UMAT_0059626,631279,45.7980407,-119.3192502
UMAT_0059627,631280,45.7995561,-119.3275573
UMAT_0059628,631281,45.8004885,-119.3319833
UMAT_0059629,631282,45.801279,-119.3359691
UMAT_0059630,631283,45.8016581,-119.3376562
UMAT_0059631,631284,45.801951,-119.3390821
UMAT_0059632,631285,45.8020943,-119.33998
UMAT_0059633,631286,45.8022635,-119.3407417
UMAT_0059634,631287,45.8024718,-119.3418136
UMAT_0059635,631288,45.8026438,-119.3426796
UMAT_0059636,631289,45.8029717,-119.344356
UMAT_0059637,631290,45.8031424,-119.3451962
UMAT_0059638,631291,45.8033256,-119.3461196
UMAT_0059639,631395,45.8171304,-119.29052973
UMAT_0059641,631585,45.88475809,-119.28352366
UMAT_0059642,631677,45.81991583,-119.33413426
